,name,category,artist,popularity,urls
0,Woman,happy,Harry Styles,72,https://open.spotify.com/track/33bURv895AN4FkBvgFo2dx
1,Payphone,happy,"Maroon 5,Wiz Khalifa",85,https://open.spotify.com/track/1XGmzt0PVuFgQYYnV2It7A
2,The Nights,happy,Avicii,87,https://open.spotify.com/track/0ct6r3EGTcMLPtrXHDvVjc
3,Get To Know You,happy,Samantha Harvey,69,https://open.spotify.com/track/3oiLlbBynuErymca4Dwp5H
4,Paper Rings,happy,Taylor Swift,84,https://open.spotify.com/track/4y5bvROuBDPr5fuwXbIBZR
5,Best Day Of My Life,happy,American Authors,80,https://open.spotify.com/track/5Hroj5K7vLpIG4FNCRIjbP
6,"Hap, Hap, Hap, Happy Birthday",happy,Parry Gripp,50,https://open.spotify.com/track/5ZG02EkmEPswTNLes6bygO
7,"Happy Birthday Dear Saturday Club - Live At The BBC For ""Saturday Club"" / 5th October, 1963",happy,The Beatles,50,https://open.spotify.com/track/2UpYmhDZVmzfdsgvLavmfj
8,Don't Worry Be Happy,happy,Bobby McFerrin,71,https://open.spotify.com/track/4hObp5bmIJ3PP3cKA9K9GY
9,"Happy - From ""Despicable Me 2""",happy,Pharrell Williams,82,https://open.spotify.com/track/60nZcImufyMA1MKQY3dcCH
10,AOK,happy,Tai Verdes,76,https://open.spotify.com/track/1sx0XsWUusUoPstbvokZjP
11,Olivia,happy,One Direction,72,https://open.spotify.com/track/5dONhl6aXFuN86UBdayF6W
12,Better When I'm Dancin',happy,Meghan Trainor,77,https://open.spotify.com/track/5k5fWendNngd89O8JKoE8L
13,Sunroof,happy,"Nicky Youre,dazy",88,https://open.spotify.com/track/4h4QlmocP3IuwYEj2j14p8
14,"CAN'T STOP THE FEELING! (from DreamWorks Animation's ""TROLLS"")",happy,Justin Timberlake,80,https://open.spotify.com/track/6JV2JOEocMgcZxYSZelKcc
15,Smile,happy,Benjamin Ingrosso,65,https://open.spotify.com/track/2X97u85uhrMdjPLFZ8Upn8
16,Just A Cloud Away,happy,Pharrell Williams,68,https://open.spotify.com/track/0DGTcMqvVR7fmBXgiG6jz4
17,Somebody To Love,happy,"MARF,Wulf",64,https://open.spotify.com/track/2KTO4mRnARHCqXhV8f6MBj
18,Mr. Blue Sky,happy,Electric Light Orchestra,81,https://open.spotify.com/track/2RlgNHKcydI9sayD2Df2xp
19,Geronimo,happy,Sheppard,72,https://open.spotify.com/track/0qt5f5EL92o8Snzopsv0en
20,Out of My League,happy,Fitz and The Tantrums,74,https://open.spotify.com/track/2AYEOC02WLhUiOoaig2SEH
21,Sunday Best,happy,Surfaces,77,https://open.spotify.com/track/1Cv1YLb4q0RzL6pybtaMLo
22,Walking On Sunshine,happy,Katrina & The Waves,80,https://open.spotify.com/track/05wIrZSwuaVWhcv5FfqeH0
23,Say Hey (I Love You) (feat. Cherine Tanya Anderson),happy,"Michael Franti & Spearhead,Cherine Tanya Anderson",66,https://open.spotify.com/track/383B8ksM58jbV3HbiRJo0K
24,Uptown Funk (feat. Bruno Mars),happy,"Mark Ronson,Bruno Mars",84,https://open.spotify.com/track/32OlwWuMpZ6b0aN2RZOeMS
25,Golden,happy,Harry Styles,82,https://open.spotify.com/track/45S5WTQEGOB1VHr1Q4FuPl
26,Good Time,happy,"Owl City,Carly Rae Jepsen",79,https://open.spotify.com/track/1kPpge9JDLpcj15qgrPbYX
27,Lose Control,happy,"220 KID,S1mba",59,https://open.spotify.com/track/5ugYo7xM632grP29JqjxZa
28,Suddenly I See,happy,KT Tunstall,74,https://open.spotify.com/track/5p9XWUdvbUzmPCukOmwoU3
29,Lucky (feat. Noa Kirel),happy,"Jubël,Noa Kirel",59,https://open.spotify.com/track/1JMDsOUPflzsNN62KEBaH9
30,this is what falling in love feels like,happy,JVKE,82,https://open.spotify.com/track/2PWTZV5znjLtZC5T1EVJvL
31,Legit,happy,"Erlandsson,The High",60,https://open.spotify.com/track/5p0aallQlnYrQmHI10BASz
32,Shake It Off,happy,Taylor Swift,84,https://open.spotify.com/track/0cqRj7pUJDkTCEsJkx8snD
33,Hug Me,happy,"Pharrell Williams,Trey Parker",70,https://open.spotify.com/track/6eVM9lCmIqwGTUOoeH61Lu
34,I Want You Back,happy,The Jackson 5,79,https://open.spotify.com/track/5LxvwujISqiB8vpRYv887S
35,Best Friend,happy,Rex Orange County,78,https://open.spotify.com/track/3rPtS4nfpy7PsARctAWpzd
36,Happy birthday to you,happy,Happy Birthday Song,47,https://open.spotify.com/track/56alWioOL5f1Sx60PjDD0D
37,At Least I Had Fun,happy,"Martin Jensen,RANI",67,https://open.spotify.com/track/7jqXDgGWkV4w2ctdb2g59o
38,"Honey, I'm Good.",happy,Andy Grammer,73,https://open.spotify.com/track/4MflGTO2ZTcSQ12bWcyRgI
39,Happy birthday,happy,옐로우페이퍼,45,https://open.spotify.com/track/5MypYZZCEMplPOpx7vpGpZ
40,"Hey, Soul Sister",happy,Train,84,https://open.spotify.com/track/4HlFJV71xXKIGcU3kRyttv
41,In My Zone,happy,Tungevaag,61,https://open.spotify.com/track/3LR2EPyj36gxYgCYbC0au0
42,Relight My Love,happy,"Matisse & Sadko,Mougleta",55,https://open.spotify.com/track/6dKDKwtdZtGlR8e1tZGEYS
43,Brighter Than The Sun,happy,Colbie Caillat,66,https://open.spotify.com/track/5YTtTbqxUzJHD3CpbNHerP
44,Good Vibes,happy,"HRVY,Matoma",69,https://open.spotify.com/track/53kWAAfx7IopXRa31MQHB8
45,Higher Love,happy,"Ali Story,Maria Mathea",54,https://open.spotify.com/track/2yCyr5ZJHDm9CzpPRdduJ9
46,Canyon Moon,happy,Harry Styles,73,https://open.spotify.com/track/5IhzJOXNE7ki0IIJbZbnGq
47,These Are The Days (feat. Liv Dawson),happy,"Anton Powers,ManyFew,Liv Dawson",58,https://open.spotify.com/track/39GX8fhLrxiPcNAMgZhWUa
48,My Life (feat. Joe Killington),happy,"Wh0,Armand Van Helden,Joe Killington",52,https://open.spotify.com/track/5IhCWukOzeazDOHKCKARki
49,Shut Up And Dance With Me,happy,Fun Guns,66,https://open.spotify.com/track/4KYAV74fzH1rUipmxXejw1
50,Don't Worry Be Happy,happy,Bobby McFerrin,71,https://open.spotify.com/track/4hObp5bmIJ3PP3cKA9K9GY
51,You Make My Dreams (Come True),happy,Daryl Hall & John Oates,80,https://open.spotify.com/track/4o6BgsqLIBViaGVbx5rbRk
52,Dancing in the Moonlight,happy,Toploader,79,https://open.spotify.com/track/3Fzlg5r1IjhLk2qRw667od
53,Send Me On My Way,happy,Rusted Root,70,https://open.spotify.com/track/6XK6Zw6JkFsHXzAcMWNiIr
54,Tongue Tied,happy,GROUPLOVE,80,https://open.spotify.com/track/0GO8y8jQk1PkHzS31d699N
55,AOK,happy,Tai Verdes,76,https://open.spotify.com/track/1sx0XsWUusUoPstbvokZjP
56,Sunroof,happy,"Nicky Youre,dazy",88,https://open.spotify.com/track/4h4QlmocP3IuwYEj2j14p8
57,Sunday Best,happy,Surfaces,77,https://open.spotify.com/track/1Cv1YLb4q0RzL6pybtaMLo
58,Made You Look,happy,Meghan Trainor,91,https://open.spotify.com/track/0QHEIqNKsMoOY5urbzN48u
59,It's a Beautiful Day,happy,Michael Bublé,69,https://open.spotify.com/track/0mvkwaZMP2gAy2ApQLtZRv
60,Say Hey (I Love You) (feat. Cherine Tanya Anderson),happy,"Michael Franti & Spearhead,Cherine Tanya Anderson",66,https://open.spotify.com/track/383B8ksM58jbV3HbiRJo0K
61,Just A Cloud Away,happy,Pharrell Williams,68,https://open.spotify.com/track/0DGTcMqvVR7fmBXgiG6jz4
62,Walking On Sunshine,happy,Katrina & The Waves,80,https://open.spotify.com/track/05wIrZSwuaVWhcv5FfqeH0
63,On Top Of The World,happy,Imagine Dragons,78,https://open.spotify.com/track/213x4gsFDm04hSqIUkg88w
64,Fine By Me,happy,Andy Grammer,67,https://open.spotify.com/track/4wTChU0tU44TAMC0xcQizi
65,Best Day Of My Life,happy,American Authors,80,https://open.spotify.com/track/5Hroj5K7vLpIG4FNCRIjbP
66,Mr. Blue Sky,happy,Electric Light Orchestra,81,https://open.spotify.com/track/2RlgNHKcydI9sayD2Df2xp
67,Electric Love,happy,BØRNS,82,https://open.spotify.com/track/2GiJYvgVaD2HtM8GqD9EgQ
68,Shotgun,happy,George Ezra,79,https://open.spotify.com/track/4ofwffwvvnbSkrMSCKQDaC
69,Candy,happy,Robbie Williams,71,https://open.spotify.com/track/5NlFXQ0si6U87gXs6hq81B
70,Lean On Me,happy,Sandro Cavazza,66,https://open.spotify.com/track/43Hit5V2BpPq2vxvca3ysc
71,Good as Hell,happy,Lizzo,77,https://open.spotify.com/track/6KgBpzTuTRPebChN0VTyzV
72,"Happy - From ""Despicable Me 2""",happy,Pharrell Williams,82,https://open.spotify.com/track/60nZcImufyMA1MKQY3dcCH
73,Lovely Day,happy,Bill Withers,79,https://open.spotify.com/track/0bRXwKfigvpKZUurwqAlEh
74,Wake Me Up Before You Go-Go,happy,Wham!,81,https://open.spotify.com/track/0ikz6tENMONtK6qGkOrU3c
75,Joy,happy,Andy Grammer,67,https://open.spotify.com/track/4Hn4zAkBUaNnT8m9p7cYaf
76,Hey Ya!,happy,Outkast,83,https://open.spotify.com/track/2PpruBYCo4H7WOBJ7Q2EwM
77,Shut Up and Dance,happy,WALK THE MOON,85,https://open.spotify.com/track/4kbj5MwxO1bq9wjT5g9HaA
78,What A Man Gotta Do,happy,Jonas Brothers,74,https://open.spotify.com/track/4wNIkl5XGiAACjFBlDWuSd
79,Green Green Grass,happy,George Ezra,84,https://open.spotify.com/track/4N5s8lPTsjI9EGP7K4SXzB
80,Magic In The Hamptons (feat. Lil Yachty),happy,"Social House,Lil Yachty",75,https://open.spotify.com/track/2Yer0p7uB2lVBUAtANuuQp
81,Good Vibes,happy,"HRVY,Matoma",69,https://open.spotify.com/track/53kWAAfx7IopXRa31MQHB8
82,Build Me Up Buttercup,happy,The Foundations,70,https://open.spotify.com/track/4eGlvsFXmFqdJrVXe9FbgD
83,Look For The Good - Single Version,happy,Jason Mraz,60,https://open.spotify.com/track/4XI5GjQ6zcJXsDnuyOGGEa
84,Upside Down,happy,Jack Johnson,76,https://open.spotify.com/track/0aJrYfARfCKzv6gXjhs4SZ
85,ABC,happy,The Jackson 5,71,https://open.spotify.com/track/6D8kc7RO0rqBLSo2YPflJ5
86,"CAN'T STOP THE FEELING! (from DreamWorks Animation's ""TROLLS"")",happy,Justin Timberlake,80,https://open.spotify.com/track/6JV2JOEocMgcZxYSZelKcc
87,Be Kind,happy,Zak Abel,62,https://open.spotify.com/track/5pE4OLVJh5rjaLERbUgBB2
88,Damn It Feels Good To Be Me,happy,Andy Grammer,64,https://open.spotify.com/track/3LymIBUSWRoxxm7W5UQlXl
89,I Got You (I Feel Good),happy,James Brown & The Famous Flames,73,https://open.spotify.com/track/5haXbSJqjjM0TCJ5XkfEaC
90,Sugar Sugar,happy,The Archies,71,https://open.spotify.com/track/6MTd61g9zq6CB1FnJydjEb
91,I'm A Believer,happy,Smash Mouth,69,https://open.spotify.com/track/0C9jZPUv4SuaXkuEQw6L40
92,Sheesh!,happy,"Surfaces,Tai Verdes",65,https://open.spotify.com/track/2z7VITS30dBexE91V5QXWv
93,Sunday Candy,happy,Nico Segal,64,https://open.spotify.com/track/6fTdcGsjxlAD9PSkoPaLMX
94,I Feel Like Dancing,happy,Jason Mraz,70,https://open.spotify.com/track/4xYlpJPENfM4DT0rUYFqSP
95,I’m Alive (Life Sounds Like),happy,Michael Franti & Spearhead,53,https://open.spotify.com/track/2UH4rbT5WrO2sDCanZI0vX
96,Weatherman,happy,Eddie Benjamin,64,https://open.spotify.com/track/5CmIIBRVQWLX2uXAkuBlS8
97,The Best Days (feat. Tabitha),happy,"Sam Feldt,Karma Child,Tabitha",61,https://open.spotify.com/track/140XpWSdJ0jZEbLj9iVnPA
98,Brighter Than The Sun,happy,Colbie Caillat,66,https://open.spotify.com/track/5YTtTbqxUzJHD3CpbNHerP
99,Lollipop,happy,MIKA,60,https://open.spotify.com/track/2NjhV99ncY4A5lSkTHvTtU
100,when the party's over,sad,Billie Eilish,85,https://open.spotify.com/track/43zdsphuZLzwA9k4DJhU0I
101,Heather,sad,Conan Gray,88,https://open.spotify.com/track/4xqrdfXkTW4T0RauPLv3WA
102,Get You The Moon (feat. Snøw),sad,"Kina,Snøw",80,https://open.spotify.com/track/4ZLzoOkj0MPWrTLvooIuaa
103,Jocelyn Flores,sad,XXXTENTACION,84,https://open.spotify.com/track/7m9OqQk4RVRkw9JJdeAw96
104,Before You Go,sad,Lewis Capaldi,86,https://open.spotify.com/track/2gMXnyrvIjhVBUZwvLZDMP
105,Romantic Homicide,sad,d4vd,92,https://open.spotify.com/track/1xK59OXxi2TAAAbmZK0kBL
106,Star Shopping,sad,Lil Peep,87,https://open.spotify.com/track/6Ox1rvlwEpB49drasQm6RF
107,IDK You Yet,sad,Alexander 23,77,https://open.spotify.com/track/0j1Ia2lQWrcXrQZI4AdJlk
108,All I Want,sad,Kodaline,82,https://open.spotify.com/track/0NlGoUyOJSuSHmngoibVAs
109,Train Wreck,sad,James Arthur,81,https://open.spotify.com/track/55Am8neGJkdj2ADaM3aw5H
110,Let Me Down Slowly,sad,Alec Benjamin,86,https://open.spotify.com/track/2qxmye6gAegTMjLKEBoR3d
111,lovely (with Khalid),sad,"Billie Eilish,Khalid",90,https://open.spotify.com/track/0u2P5u6lvoDfwTYjAADbn4
112,that way,sad,Tate McRae,79,https://open.spotify.com/track/7l97ElWmIdVHWUaOeeU5ZC
113,Fourth of July,sad,Sufjan Stevens,81,https://open.spotify.com/track/5Qnrgqy1pAm9GyNQOgyVFz
114,Revenge,sad,XXXTENTACION,88,https://open.spotify.com/track/5TXDeTFVRVY7Cvt0Dw4vWW
115,Again,sad,"Shiloh Dynasty,Timmies",74,https://open.spotify.com/track/5e2l2ZAMwHmrkdM4Z6NhAR
116,Atlantis,sad,Seafret,87,https://open.spotify.com/track/1Fid2jjqsHViMX6xNH70hE
117,Someone You Loved,sad,Lewis Capaldi,90,https://open.spotify.com/track/7qEHsqek33rTcFNT9PFqLf
118,Alone,sad,"SadBoyProlific,Ivri",68,https://open.spotify.com/track/50OPOdJbRx9iCJXGultmUf
119,Love Is a Drug,sad,Papithbk,68,https://open.spotify.com/track/0Q06s7TNQH8irO2sfvuFnn
120,Vas,sad,jagger finn,78,https://open.spotify.com/track/6S7o12almFeL57rbRvdY5l
121,If By Chance,sad,Ruth B.,71,https://open.spotify.com/track/21dpBHPTV7ythCHBI6Slcw
122,Six Feet Under,sad,Billie Eilish,75,https://open.spotify.com/track/2VlLbhGLVJgdOW7kKdWWFc
123,Lights Are On,sad,Tom Rosenthal,81,https://open.spotify.com/track/4IhTXiZLKATmwhMZIb1GQN
124,Jealous,sad,Labrinth,77,https://open.spotify.com/track/4G92yYrUs0cvY7G41YRI0z
125,Carry On,sad,XXXTENTACION,75,https://open.spotify.com/track/2yZax79pOrYuyIFVW2cZY2
126,You Broke My Heart Again,sad,"Teqkoi,Aiko",68,https://open.spotify.com/track/3jZDWsoxRHzzp3DYV8qeXE
127,"I miss you, I’m sorry",sad,Gracie Abrams,79,https://open.spotify.com/track/4nyF5lmSziBAt7ESAUjpbx
128,Water Fountain,sad,Alec Benjamin,78,https://open.spotify.com/track/4IhKLu7Vk3j2TLmnFPl6To
129,Inside Out,sad,Duster,80,https://open.spotify.com/track/6WlmEymaXKMRs3D2c4j6os
130,Why Am I Waiting,sad,Papithbk,71,https://open.spotify.com/track/2po3166NqW72LwAwh8Hbld
131,Break My Heart Again,sad,FINNEAS,73,https://open.spotify.com/track/0DGh73t9eaZA3X3ZXHf4Qe
132,Dance with Me,sad,"CORBAL,Shiloh Dynasty,itssvd",71,https://open.spotify.com/track/55rn9bs7vZBsEK4Y4URraH
133,Bored,sad,Billie Eilish,85,https://open.spotify.com/track/04sN26COy28wTXYj3dMoiZ
134,Happiest Year,sad,Jaymes Young,76,https://open.spotify.com/track/219slQu3ALbTSAe9P22hvE
135,Hold Me While You Wait,sad,Lewis Capaldi,80,https://open.spotify.com/track/60iSKGrGazRzICtMjADNSM
136,Hope,sad,XXXTENTACION,86,https://open.spotify.com/track/2ZRo7axmMPeSVUvDbGkJah
137,Depressed,sad,Leanboys,64,https://open.spotify.com/track/5V2zkdP7nOmnSOhTD7TXy8
138,Already Gone,sad,Sleeping At Last,68,https://open.spotify.com/track/5zCunX8URvLoBHlg1Fnjv6
139,July,sad,Noah Cyrus,81,https://open.spotify.com/track/6J2LdBN97cDWn0MLxYh9HB
140,i don't feel part of the world anymore,sad,"itssvd,CORBAL,Shiloh Dynasty",70,https://open.spotify.com/track/11iiMB7TmFTtaXT4YJAltw
141,Bernafas Tanpamu,sad,Last Child,69,https://open.spotify.com/track/1imyB3ufkQTtOnD2PYUSuu
142,I'm Not Enough and I'm Sorry,sad,"Teqkoi,Snøw",62,https://open.spotify.com/track/4P1L6AniTDJzANaubzWGYs
143,I Lost a Friend,sad,FINNEAS,67,https://open.spotify.com/track/5v1sPD1lu2wiPzi07tW8zm
144,i love you,sad,Billie Eilish,81,https://open.spotify.com/track/6CcJMwBtXByIz4zQLzFkKc
145,Sorry,sad,Halsey,73,https://open.spotify.com/track/44n97yHySt0Z9rqPaXgjCK
146,Forever,sad,Lewis Capaldi,78,https://open.spotify.com/track/12OLyHDxt6dqlAybSPFBK3
147,Everybody Dies In Their Nightmares,sad,XXXTENTACION,85,https://open.spotify.com/track/3GVkPk8mqxz0itaAriG1L7
148,It's Ok,sad,Tom Rosenthal,71,https://open.spotify.com/track/2Iyfw8YfKruAagJwGc4G07
149,Teenage Mind,sad,Tate McRae,71,https://open.spotify.com/track/1vdjJ55uw3WOuu7ZSyABFP
150,Hold On,sad,Chord Overstreet,82,https://open.spotify.com/track/5vjLSffimiIP26QG5WcN2K
151,Happiest Year,sad,Jaymes Young,76,https://open.spotify.com/track/219slQu3ALbTSAe9P22hvE
152,i love you,sad,Billie Eilish,81,https://open.spotify.com/track/6CcJMwBtXByIz4zQLzFkKc
153,Bruises,sad,Lewis Capaldi,83,https://open.spotify.com/track/4Of7rzpRpV1mWRbhp5rAqG
154,July,sad,Noah Cyrus,81,https://open.spotify.com/track/6J2LdBN97cDWn0MLxYh9HB
155,traitor,sad,Olivia Rodrigo,87,https://open.spotify.com/track/5CZ40GBx1sQ9agT82CLQCT
156,Half A Man,sad,Dean Lewis,78,https://open.spotify.com/track/1ugQtcwmKOXvKAYzhjncmv
157,Falling,sad,Harry Styles,85,https://open.spotify.com/track/1ZMiCix7XSAbfAJlEZWMCp
158,One Day,sad,Tate McRae,71,https://open.spotify.com/track/4Ey0LK1HzksUqm9JLzzKuD
159,Supermarket Flowers,sad,Ed Sheeran,76,https://open.spotify.com/track/4VuS959DSpr82t3qBqCrWG
160,Trying My Best,sad,Anson Seabra,66,https://open.spotify.com/track/6hjh2phISvfR1Ib6S0FK7b
161,Atlantis,sad,Seafret,87,https://open.spotify.com/track/1Fid2jjqsHViMX6xNH70hE
162,Glimpse of Us,sad,Joji,82,https://open.spotify.com/track/4ewazQLXFTDC8XvCbhvtXs
163,TV,sad,Billie Eilish,87,https://open.spotify.com/track/3GYlZ7tbxLOxe6ewMNVTkw
164,Forever,sad,Lewis Capaldi,78,https://open.spotify.com/track/12OLyHDxt6dqlAybSPFBK3
165,Lonely,sad,Noah Cyrus,70,https://open.spotify.com/track/6U1iuA5QfzYRPJxvdcxqtf
166,"All I Want - From ""High School Musical: The Musical: The Series""",sad,"Olivia Rodrigo,Disney",79,https://open.spotify.com/track/4Yxc55NX3tAXC2mHRAhtcW
167,Be Alright,sad,Dean Lewis,79,https://open.spotify.com/track/5qrSlOut2rNAWv3ubArkNy
168,Heather,sad,Conan Gray,88,https://open.spotify.com/track/4xqrdfXkTW4T0RauPLv3WA
169,you broke me first,sad,Tate McRae,84,https://open.spotify.com/track/45bE4HXI0AwGZXfZtMp8JR
170,Touch,sad,Sleeping At Last,69,https://open.spotify.com/track/4g2WiijzSKzH8PApKDbadN
171,Broken,sad,Isak Danielson,74,https://open.spotify.com/track/2FkbeqpCrjjDdVH1SZgDo6
172,Train Wreck,sad,James Arthur,81,https://open.spotify.com/track/55Am8neGJkdj2ADaM3aw5H
173,If By Chance,sad,Ruth B.,71,https://open.spotify.com/track/21dpBHPTV7ythCHBI6Slcw
174,Six Feet Under,sad,Billie Eilish,75,https://open.spotify.com/track/2VlLbhGLVJgdOW7kKdWWFc
175,Someone You Loved,sad,Lewis Capaldi,90,https://open.spotify.com/track/7qEHsqek33rTcFNT9PFqLf
176,IDK You Yet,sad,Alexander 23,77,https://open.spotify.com/track/0j1Ia2lQWrcXrQZI4AdJlk
177,"i hate u, i love u (feat. olivia o'brien)",sad,"gnash,Olivia O'Brien",78,https://open.spotify.com/track/7vRriwrloYVaoAe3a9wJHe
178,Out Of Love,sad,Alessia Cara,73,https://open.spotify.com/track/4WzhjxvLP95y7AMDy0Atwb
179,Family Line,sad,Conan Gray,78,https://open.spotify.com/track/0iNZGC211wst3VjtobNnC5
180,Dancing With Your Ghost,sad,Sasha Alex Sloan,81,https://open.spotify.com/track/1TQXIltqoZ5XXyfCbAeSQQ
181,Let Me Down Slowly,sad,Alec Benjamin,86,https://open.spotify.com/track/2qxmye6gAegTMjLKEBoR3d
182,Serana,sad,For Revenge,78,https://open.spotify.com/track/0PtJbtW50jcvvswNPn3QGd
183,Dancing On My Own,sad,Calum Scott,82,https://open.spotify.com/track/2BOqDYLOJBiMOXShCV1neZ
184,Heal,sad,Tom Odell,74,https://open.spotify.com/track/4KlL5Bwlm4yHYxr0B2rHci
185,hope ur ok,sad,Olivia Rodrigo,74,https://open.spotify.com/track/1zejeOnykpCoyVSit6Bwp3
186,Birthday Cake,sad,Dylan Conrique,74,https://open.spotify.com/track/7dDrR6vMK1JAwZZ5MIWgme
187,Moral of the Story,sad,Ashe,77,https://open.spotify.com/track/69HzZ3ti9DLwb0GdWCGYSo
188,Arcade,sad,Duncan Laurence,76,https://open.spotify.com/track/1J14CdDAvBTE1AJYUOwl6C
189,How Do I Say Goodbye,sad,Dean Lewis,78,https://open.spotify.com/track/1aOl53hkZGHkl2Snhr7opL
190,Remember That Night?,sad,Sara Kays,75,https://open.spotify.com/track/1nYzjrdVQ8RpF93M0jPFW7
191,Sober,sad,Demi Lovato,67,https://open.spotify.com/track/0STK94RxUulYqWzwFlyAb5
192,Lights Are On,sad,Tom Rosenthal,81,https://open.spotify.com/track/4IhTXiZLKATmwhMZIb1GQN
193,Before You Go,sad,Lewis Capaldi,86,https://open.spotify.com/track/2gMXnyrvIjhVBUZwvLZDMP
194,Je te laisserai des mots,sad,Patrick Watson,85,https://open.spotify.com/track/0V5cvmTKsYmF5FmGGEAfmS
195,Gilded Lily,sad,Cults,83,https://open.spotify.com/track/3Z0qLOS0cqWKPHXkbTXmNF
196,ceilings,sad,Lizzy McAlpine,92,https://open.spotify.com/track/2L9N0zZnd37dwF0clgxMGI
197,All I Want,sad,Kodaline,82,https://open.spotify.com/track/0NlGoUyOJSuSHmngoibVAs
198,I Lost a Friend,sad,FINNEAS,67,https://open.spotify.com/track/5v1sPD1lu2wiPzi07tW8zm
199,Feeling Whitney,sad,Post Malone,76,https://open.spotify.com/track/35r28RDot7nPE7y9K9H7l0
200,Already Enough,fear,"Fearless Soul,Rachael Schroeder",41,https://open.spotify.com/track/0T1ZQ6mggTWuYwfjBtsQjB
201,Breathe,fear,"Fearless Soul,Rachael Schroeder",17,https://open.spotify.com/track/4WUvwvOA7jxauWr1BIdkTg
202,Believe,fear,Fearless Soul,37,https://open.spotify.com/track/2fSdDq0hDtkfEnEpJEhJGx
203,Meant for You,fear,Fearless Soul,30,https://open.spotify.com/track/2PaBlttqimMVnsy4B6YaJF
204,What's Coming Is Better Than What's Gone,fear,Fearless Soul,33,https://open.spotify.com/track/4unbtcpCVuvTgYrvrVtGE7
205,Take That Chance,fear,"Fearless Soul,Rachael Schroeder",40,https://open.spotify.com/track/7GnWIcq8ndXa3aboUWxZDb
206,Only Love,fear,"Fearless Soul,Rachael Schroeder",42,https://open.spotify.com/track/65XUijLKHruEYw1zMwKeI5
207,One Day Things Will Go My Way,fear,Fearless Soul,28,https://open.spotify.com/track/1Q91bzrcO4Bkwa3n1piWnv
208,Stronger,fear,Fearless Soul,32,https://open.spotify.com/track/2w6Uf3rwBdOJUo85Mu07x1
209,Tears Will Dry,fear,Fearless Soul,30,https://open.spotify.com/track/1bs8JNAAHN2IgQlSkRuKKZ
210,The Deepest Purpose,fear,Fearless Soul,25,https://open.spotify.com/track/1NjSpYBED0HPAgnGkgeU3X
211,Brighter Days,fear,"Fearless Soul,Rachael Schroeder",40,https://open.spotify.com/track/2Jb5RTs4AQ76SqXJKoEg6Z
212,Heaven,fear,"Savella,Rachael Schroeder",42,https://open.spotify.com/track/0Dc7TkzWAujsC0FcJlPYbP
213,I Am Me (If I Have to I'll Walk Alone),fear,Fearless Soul,24,https://open.spotify.com/track/5Sk3Y079vxnO7no9LH2nMX
214,Living Now,fear,"Fearless Soul,Rachael Schroeder",26,https://open.spotify.com/track/2kWouaUxM2HFaJom5nb3WZ
215,I Am the Storm,fear,"Fearless Soul,Rachael Schroeder",23,https://open.spotify.com/track/18g8vGunTzIe9nN5beR7iR
216,Fix You,fear,Fearless Soul,0,https://open.spotify.com/track/28adRiQeQlNMLStTG6mkgZ
217,Good Things Take Time,fear,"Fearless Soul,Rachael Schroeder",34,https://open.spotify.com/track/6mxMGEyyd6uk5RyfrQkjeU
218,My Own Hero,fear,"Fearless Soul,Rachael Schroeder",27,https://open.spotify.com/track/29E79Vq1u5mGR4qpNXz7jK
219,Free My Soul,fear,Fearless Soul,28,https://open.spotify.com/track/2oQRNoNmHHEEPn4bqeV5ew
220,Uncertainty (I Will Face),fear,"Fearless Soul,Rachael Schroeder",23,https://open.spotify.com/track/2YTiYm5JUA4ADqgUYLyHn3
221,Begin Again,fear,"Fearless Soul,Rachael Schroeder",26,https://open.spotify.com/track/6gFj7CoNtduhSdd4Ny7nbx
222,Changing My Narrative,fear,"Fearless Soul,Rachael Schroeder",37,https://open.spotify.com/track/3YbxgVpFoaHjhvscWFxH0J
223,Day by Day,fear,"Fearless Soul,Rachael Schroeder",25,https://open.spotify.com/track/4jGhOt0mPHQ011JPvgV2uo
224,Pick Myself up Again,fear,Fearless Soul,21,https://open.spotify.com/track/7hyGrrMT9kf1fmZ1EU0G1C
225,You're Amazing (Sammi's Song),fear,Fearless Soul,25,https://open.spotify.com/track/690bjbS0kZSCW4QChUcrbt
226,Dare to Be Me,fear,"Fearless Soul,Rachael Schroeder",23,https://open.spotify.com/track/5PqgXKb4LVKaUp8FIH05Bc
227,Never Too Late to Start Again,fear,Fearless Soul,27,https://open.spotify.com/track/1erFtGzhH7fHsfoOL3xeJk
228,True Colors,fear,"Fearless Soul,Rachael Schroeder",42,https://open.spotify.com/track/57CCT8lTMw0b5XuFSfTEZ7
229,Rainbow,fear,"Fearless Soul,Rachael Schroeder",22,https://open.spotify.com/track/1TECRtEhNavnLIwJvNuNdj
230,One Day It Will Be All Over,fear,Fearless Soul,16,https://open.spotify.com/track/5i5Ure7UDJ8HEwpIwI4UkT
231,Light and Love,fear,"Fearless Soul,JiLLi",20,https://open.spotify.com/track/2KMFmewOMWmmjtlfzMVsvN
232,Let It Go,fear,Fearless Soul,20,https://open.spotify.com/track/7fXbRw0HYty1dNP216Hr8n
233,This Is Not the End (Hang in There Remix),fear,"Fearless Soul,The Julianno",26,https://open.spotify.com/track/5p3Cuxs8ihQxGiWW89g8M7
234,Thank You,fear,Fearless Soul,21,https://open.spotify.com/track/62Av9YfCtryh4M7qXlF7wh
235,The Real Me (Acoustic),fear,Fearless Soul,9,https://open.spotify.com/track/1WlKCroEBVaFy7ldG7E2qq
236,Better Life,fear,Fearless Soul,19,https://open.spotify.com/track/1NFuGNCnwzf1scDVRS2NYC
237,The Best Revenge Is Letting Go,fear,Fearless Soul,14,https://open.spotify.com/track/2IhR4Rf9mwb8fzfCKofupZ
238,Your Words Matter,fear,Fearless Soul,16,https://open.spotify.com/track/4nM65Y4SEdFbbTQ3ClWjnq
239,Be Kind,fear,Fearless Soul,18,https://open.spotify.com/track/783tROY6zUCOIusahtbdjc
240,Find My Way,fear,Fearless Soul,27,https://open.spotify.com/track/22ihRHHAOEknFPO6LrD1uw
241,Better Life,fear,Fearless Soul,19,https://open.spotify.com/track/1zvcGpQHrKv1xgyWJvjJfH
242,It’s Within You,fear,Fearless Soul,18,https://open.spotify.com/track/5FaLABiC4Ze4T0ypNnEAHC
243,Piece of Good,fear,Fearless Soul,35,https://open.spotify.com/track/665PMJKOZiOESJIejlS1Mt
244,Follow Your Heart,fear,Fearless Soul,15,https://open.spotify.com/track/1W0sO9b5zhHxS5FYL1bOKM
245,Let Love Lead the Way,fear,"Fearless Soul,Rachael Schroeder",27,https://open.spotify.com/track/69ao9kMt6LQf9cZw46rRCw
246,Believe in Miracles,fear,Fearless Soul,21,https://open.spotify.com/track/4RM7g2vYwjtJqwKYjnjmjP
247,Mind over Matter,fear,Fearless Soul,20,https://open.spotify.com/track/7gKSNiCEAxR6I8AGQ7k5i2
248,You Can Do Impossible Things,fear,Fearless Soul,14,https://open.spotify.com/track/79g07YYWbq1r4yLth1BlEc
249,Confident,fear,Fearless Soul,17,https://open.spotify.com/track/69Vjcm4hsHonrbJjenncBi
250,Heroes (We Could Be),fear,Fearless Soul,0,https://open.spotify.com/track/2uahGH1c0ngxE5ForpRXBI
251,Be the Change You Wish to See,fear,Fearless Soul,14,https://open.spotify.com/track/2L1GaU9KCq31vBRwLewCj0
252,Different,fear,Fearless Soul,16,https://open.spotify.com/track/0yGu41HyFc5i7yxBwS8owd
253,Thoughts Become Things,fear,Fearless Soul,20,https://open.spotify.com/track/4kpUZZNM9AJPc7ODoAO43e
254,Free to Be,fear,Fearless Soul,14,https://open.spotify.com/track/1dsNcfEyxalBQvBRrD70ld
255,The Real Me,fear,Fearless Soul,9,https://open.spotify.com/track/0Hi5TJZKfOZLpchOH1fhSH
256,The Best Revenge (Love Version),fear,Fearless Soul,11,https://open.spotify.com/track/7p3QfCh9Vme6uvNDb4E8y0
257,Grass Is Greener,fear,Fearless Soul,15,https://open.spotify.com/track/6fYrm6u5pKItH9feNMycgE
258,We're All One,fear,Fearless Soul,15,https://open.spotify.com/track/7pDbHfhQ3p5Lzc0rN16MiZ
259,Be Myself,fear,"Fearless Soul,Fearless Motivation",15,https://open.spotify.com/track/79jrXiTdh9WdRBrCaBx4JL
260,Stronger (Piano Version),fear,Fearless Soul,36,https://open.spotify.com/track/7wYMMCKe9hcoEe5eNN5YLY
261,Fix You - Live,fear,"Fearless Soul,Rachael Schroeder",0,https://open.spotify.com/track/2ngQ9wXgq6ZDhocYSWPAJp
262,Take Chances,fear,Fearless Soul,11,https://open.spotify.com/track/6ppDe6Bdyg54Md8RZFKBA0
263,Piece of Good,fear,Fearless Soul,13,https://open.spotify.com/track/7DxxKMS3xHTlBAajZ6JWD4
264,5 Things,fear,"Fearless Soul,Lyrically Twisted",12,https://open.spotify.com/track/1qSBY477E2DlD1HV3rXLYz
265,The Meaning of Life,fear,"Fearless Soul,Lyrically Twisted",10,https://open.spotify.com/track/4sdM9SbtlgCsSm4r1SmU7e
266,Limitations,fear,"Fearless Soul,Jones 2.0",10,https://open.spotify.com/track/3a1oQuQlXu3hqdWozJ1mZL
267,Kind to Yourself,fear,"Fearless Soul,Rachael Schroeder",33,https://open.spotify.com/track/4TRsP00ZJmMlUx3JGTkzsS
268,Before It's Over,fear,"Fearless Soul,Rachael Schroeder",20,https://open.spotify.com/track/0A40YICcULTEx9yCFBE9k6
269,Don't Dream It's Over,fear,"Fearless Soul,Rachael Schroeder",39,https://open.spotify.com/track/5g9ZE24cLRIRIYQYsKVe9T
270,Always Changing,fear,"Fearless Soul,Rachael Schroeder",14,https://open.spotify.com/track/3PKB65sj5dYvo5WpPbcnXZ
271,Hallelujah,fear,"Fearless Soul,The Julianno",26,https://open.spotify.com/track/7IooYkW0yGMSYlvTYZuitv
272,human,fear,Fearless Soul,27,https://open.spotify.com/track/7nQBzRUUA0Uo3VlNqxi0Zs
273,Elastic Heart,fear,Fearless Soul,31,https://open.spotify.com/track/4OoygSD9V5m2uvZYUwZOdB
274,No More Negativity,fear,Fearless Soul,11,https://open.spotify.com/track/6H7pYRyx3I8q4J0EKB8sWm
275,Kill Em With Kindness,fear,"Savella,Rachael Schroeder",25,https://open.spotify.com/track/2ytaxMQgFSVzi5OapR5vQb
276,Not Your Savior,fear,"Savella,Rachael Schroeder",16,https://open.spotify.com/track/7IsheFuXJr9waH7HvBxrAy
277,Kill Em With Kindness - Acoustic,fear,"Savella,Rachael Schroeder",43,https://open.spotify.com/track/7qcnmQQX95lU164B9IeVAz
278,Shine Brave,fear,"Fearless Soul,Saul City",27,https://open.spotify.com/track/0R0SfchP5J4CFJjjpZMbvh
279,My Immortal,fear,"Savella,Rachael Schroeder",40,https://open.spotify.com/track/6Wsm0tsNz4l80pciJNNqgp
280,Love Is Contagious,fear,"Fearless Soul,JiLLi",15,https://open.spotify.com/track/0oSyMT9kQCVZTjWOYNgfsY
281,Heart Song,fear,"Fearless Soul,Saul City",11,https://open.spotify.com/track/1ka4J4MgnVQtKMGgjc0GuW
282,Look Within,fear,Fearless Soul,14,https://open.spotify.com/track/2e2ajiHyWAbwl50CAChqUa
283,The Sun Will Come Out,fear,Fearless Soul,11,https://open.spotify.com/track/4MIINolTRaOHmbOok4Wm6S
284,Hope,fear,Fearless Soul,10,https://open.spotify.com/track/43BlCAwiyEw9jqQB9GEOPu
285,The Climb,fear,Fearless Soul,40,https://open.spotify.com/track/6E81vx9iKbpVb9vWDGqfPs
286,My Power,fear,Fearless Soul,20,https://open.spotify.com/track/0378T0naGrLkPKSWLCwt7P
287,Rainbow (Acoustic),fear,"Fearless Soul,Rachael Schroeder",40,https://open.spotify.com/track/2IasNNwKkhAyAADb5n1Srt
288,Spirits,fear,Fearless Soul,19,https://open.spotify.com/track/3UaWvh3l7KSx96laGUly5o
289,Million To One,fear,"Fearless Soul,Rachael Schroeder",39,https://open.spotify.com/track/5RiAouQC16ccOkHVPSkuQe
290,Don't Worry (Good Things Will Come),fear,"Fearless Soul,Rachael Schroeder",40,https://open.spotify.com/track/0HSvPS7RyfaoovMkMoyVMu
291,Can't Wait to Meet You,fear,Fearless Soul,13,https://open.spotify.com/track/1cLhrXze4hYpJONkKyoLmP
292,Can't Wait to Meet You (Piano),fear,Fearless Soul,32,https://open.spotify.com/track/56exwfGU6vA8z5KsBQ7rg8
293,Live Your Way,fear,"Fearless Soul,Rachael Schroeder",23,https://open.spotify.com/track/0QNKag3pQWAlNHbL08FMNJ
294,Only a Season,fear,"Fearless Soul,Rachael Schroeder",20,https://open.spotify.com/track/0z11WKJbzzV66BUh0Qdqfa
295,Grateful,fear,"Fearless Soul,Rachael Schroeder",26,https://open.spotify.com/track/3u9K5bbcuyX7IH9YcN5Cjj
296,Waiting for Me,fear,"Fearless Soul,Tyler Burdic",22,https://open.spotify.com/track/4S60ZDZc8RFu1oi3oKPpQB
297,We All Fall,fear,Fearless Soul,19,https://open.spotify.com/track/3TauE8xpL7cotp1iBTuA6N
298,When the Time Is Right,fear,Fearless Soul,23,https://open.spotify.com/track/38KQPZ1O0ZjYbusGixCKNx
299,Flames (Acoustic),fear,"Fearless Soul,Tyler Burdic",44,https://open.spotify.com/track/0YNxBhkZRWSTfar4AQRuw7
300,I duckinf hatw you,angry,"Ghostemane,Parv0",71,https://open.spotify.com/track/6LHhaWs0HzuPhflDWiVtp1
301,Break Shit,angry,Jasiah,65,https://open.spotify.com/track/46PndWC5iW7JpdmaY2Jswq
302,I'm Yer Dad,angry,GRLwood,61,https://open.spotify.com/track/0Bq0OZoSo05djGSp80EDoo
303,GENOCIDE,angry,Lil Darkie,68,https://open.spotify.com/track/68Y3zzmt2XxzheQVGbbJt4
304,TRRST,angry,"IC3PEAK,ZillaKami",66,https://open.spotify.com/track/0M56diRArdi0vRYmLBeltn
305,10 Things I Hate About You,angry,Leah Kate,76,https://open.spotify.com/track/6Jkm5kUldvIqxzI1Pa7nXH
306,i hope ur miserable until ur dead,angry,Nessa Barrett,69,https://open.spotify.com/track/4ka1FkKAMde6dQAFFMXKac
307,RIP Roach,angry,"XXXTENTACION,Ski Mask The Slump God",76,https://open.spotify.com/track/658I1uDnmLSiltFCf98AWE
308,Rebel Girl,angry,Bikini Kill,59,https://open.spotify.com/track/0XyjtybwqSdqMAFfBEkmZf
309,Smack A Bitch,angry,Rico Nasty,61,https://open.spotify.com/track/3Zm27XyCDoAqHMGte5ydxQ
310,The Bard's Last Note,angry,"Ricky Desktop,Kim Dracula",59,https://open.spotify.com/track/3VSc3H3iFGzKp18A5wDDTj
311,DAYWALKER! (feat. CORPSE),angry,"Machine Gun Kelly,CORPSE",67,https://open.spotify.com/track/2NnJpRXIlx35Vij3bPZO0h
312,Break Stuff,angry,Limp Bizkit,82,https://open.spotify.com/track/5cZqsjVs6MevCnAkasbEOX
313,I Hate My Mom,angry,GRLwood,58,https://open.spotify.com/track/05tkwIiIjcYXquRoObDh94
314,METHHEAD FREESTYLE,angry,"Lil Darkie,Eric North,JOHNNASCUS,Half Metal Kaiba,BLCKK,BRUHMANEGOD,LiL CUBENSiS,Royalty the Kidd,Afourteen,Wendigo",63,https://open.spotify.com/track/495T3rrTtGF4FRHHvldWjh
315,Bodies,angry,Drowning Pool,77,https://open.spotify.com/track/7CpbhqKUedOIrcvc94p60Y
316,Alien Blues,angry,Vundabar,83,https://open.spotify.com/track/11iIikXxC6NP0Ma8vMD27x
317,BLOODMONEY,angry,Poppy,59,https://open.spotify.com/track/5SVnsTqXBHhHYLSwULC2nv
318,Sarcasm,angry,Get Scared,70,https://open.spotify.com/track/40i81AcCCxiVEFUWElcjZC
319,brutal,angry,Olivia Rodrigo,79,https://open.spotify.com/track/6SRsiMl7w1USE4mFqrOhHC
320,Angry Too,angry,Lola Blanc,65,https://open.spotify.com/track/3DgxdsUHAvQgWPdPij6IVw
321,Bitchboy,angry,The Oozes,59,https://open.spotify.com/track/1QQ0bhZ39lG5LVjWIGiryS
322,abcdefu (angrier),angry,GAYLE,71,https://open.spotify.com/track/1EQFOouqdKYdpbNoOHRVO2
323,Drunk Walk Home,angry,Mitski,65,https://open.spotify.com/track/093N3AMhUnOeE4wgNRsBOO
324,Crazy Girls,angry,TOOPOOR,74,https://open.spotify.com/track/6cSDNYoWlMxzVfJLn6H301
325,HOLOCAUST,angry,"Lil Darkie,Wendigo,LiL CUBENSiS",68,https://open.spotify.com/track/0HWjg2QtUEw6W6khLQ2rvc
326,labour,angry,Paris Paloma,82,https://open.spotify.com/track/2Ggr9IfS70wYQacW8nZKPG
327,Fuck You,angry,Lily Allen,61,https://open.spotify.com/track/4XE98WRGbBGRZ7jQ9wIwFt
328,YOU CAN SMD,angry,"City Morgue,ZillaKami",60,https://open.spotify.com/track/4uUUPTF8566PHM1dZqH5Kb
329,Rage,angry,Rico Nasty,55,https://open.spotify.com/track/0d3pSVPhCfuzAJLyMUZYjT
330,I Fucked Yr Mom,angry,Sorry Mom,58,https://open.spotify.com/track/70WFvp0yF9m1asIb60gKcj
331,Faggot,angry,Mindless Self Indulgence,63,https://open.spotify.com/track/09RhTAi0nuzCs5KS2XWSs5
332,EAT SPIT! (feat. Royal & the Serpent),angry,"Slush Puppy,Royal & the Serpent",65,https://open.spotify.com/track/1aFP0G0GHQAAH9gfC95wT1
333,I Disagree,angry,Poppy,60,https://open.spotify.com/track/5M1OSRePFJzlQCTJRKVGQQ
334,My Axe,angry,Insane Clown Posse,62,https://open.spotify.com/track/4y8G3pyyBvBKd47iyvHBNj
335,Take A Step Back,angry,"Ski Mask The Slump God,XXXTENTACION",74,https://open.spotify.com/track/2gQYziDV5cSTRSqr6akzi5
336,BATSHIT,angry,Lil Darkie,58,https://open.spotify.com/track/6YNh2sMxv2v09rfxiPjgcW
337,Custer,angry,Slipknot,77,https://open.spotify.com/track/3GiJq4AQK7324mfIQbpiTf
338,Crisis,angry,Jasiah,61,https://open.spotify.com/track/5cGi1voAzIK9PE3tmNdYsR
339,HOT DEMON B!TCHES NEAR U ! ! !,angry,"CORPSE,Night Lovell",74,https://open.spotify.com/track/7v4pPS4A7NgY7bxFA3Etv3
340,Vigilante Shit,angry,Taylor Swift,80,https://open.spotify.com/track/1xwAWUI6Dj0WGC3KiUPN0O
341,Happier Than Ever - Edit,angry,Billie Eilish,82,https://open.spotify.com/track/32BeYxKPrig1LefHsC0Xuo
342,Floor 555,angry,XXXTENTACION,72,https://open.spotify.com/track/6r7ULK6c5CLVvImjTIztl1
343,LIGHTS OUT,angry,Kxllswxtch,67,https://open.spotify.com/track/4lFp9RYuggXl9CNyaxBtgh
344,A Match Into Water,angry,Pierce The Veil,75,https://open.spotify.com/track/54MXF9I8s3DuiQo3g0gZ5k
345,Hayloft,angry,Mother Mother,77,https://open.spotify.com/track/2kS6td1yvmpNgZTt1q5pQq
346,Tantrum,angry,Ashnikko,65,https://open.spotify.com/track/3htJKHlAjUoRmNLheJ8uTV
347,Riot,angry,Hollywood Undead,65,https://open.spotify.com/track/1igr912oduAmZQaoGhiADw
348,Killing In The Name,angry,Rage Against The Machine,81,https://open.spotify.com/track/59WN2psjkt1tyaxjspN8fp
349,FU (feat. French Montana),angry,"Miley Cyrus,French Montana",63,https://open.spotify.com/track/6dDIOU6AqgLkrjFNPgvKY6
350,labour,angry,Paris Paloma,82,https://open.spotify.com/track/2Ggr9IfS70wYQacW8nZKPG
351,Medusa,angry,Kaia Jette,60,https://open.spotify.com/track/0SNWjlBCdLZvOXga4M34Is
352,RIP Roach,angry,"XXXTENTACION,Ski Mask The Slump God",76,https://open.spotify.com/track/658I1uDnmLSiltFCf98AWE
353,RAGE,angry,Samantha Margret,54,https://open.spotify.com/track/5PT996RGwH4wDp6Ui92yDz
354,You Make Me Sick!,angry,Ashnikko,68,https://open.spotify.com/track/2cK6tRFd7PRPFY1ZwJAKeq
355,Drunk Walk Home,angry,Mitski,65,https://open.spotify.com/track/093N3AMhUnOeE4wgNRsBOO
356,Off The Map,angry,SoFaygo,59,https://open.spotify.com/track/6GNG0YQixWuLE0M5FtrRxY
357,LED,angry,OmenXIII,70,https://open.spotify.com/track/0Sgk9iiFGgjVxJfXv2L3iF
358,Pink Rover,angry,Scene Queen,61,https://open.spotify.com/track/6xeMsEEUC7lhZc9xLty606
359,EXORCIST,angry,Kxllswxtch,64,https://open.spotify.com/track/6qwEeAl6Cl32odNr2GIMjm
360,DEATH OF A PREDATOR,angry,Banshee,55,https://open.spotify.com/track/3RSiw9T4sAT4Rfx24YeBRU
361,Break Shit,angry,Jasiah,65,https://open.spotify.com/track/46PndWC5iW7JpdmaY2Jswq
362,Us and Pigs,angry,Sofia Isella,61,https://open.spotify.com/track/4SmhvwAHcPS07SfLUSOJnt
363,YuNg BrAtZ,angry,XXXTENTACION,77,https://open.spotify.com/track/2ooF4088y5L72c4YTEJQoB
364,VETERAN (feat. Ken Carson),angry,"Destroy Lonely,Ken Carson",67,https://open.spotify.com/track/7pdt56nlqNtHs5H8DRBZiO
365,Bxmb Threat,angry,Chauncey666,57,https://open.spotify.com/track/22Zd0jHYLHX1We7fWxwYL2
366,I duckinf hatw you,angry,"Ghostemane,Parv0",71,https://open.spotify.com/track/6LHhaWs0HzuPhflDWiVtp1
367,METHHEAD FREESTYLE,angry,"Lil Darkie,Eric North,JOHNNASCUS,Half Metal Kaiba,BLCKK,BRUHMANEGOD,LiL CUBENSiS,Royalty the Kidd,Afourteen,Wendigo",63,https://open.spotify.com/track/495T3rrTtGF4FRHHvldWjh
368,5unna,angry,"Homixide Gang,R5 Homixide",63,https://open.spotify.com/track/2M1LHRfp0vsJKjKfKxOUx3
369,18+,angry,Scene Queen,63,https://open.spotify.com/track/3SqPQRaxS6A6G7rlE7lvhs
370,the fruits,angry,Paris Paloma,66,https://open.spotify.com/track/58VTP6KnZs12PcAj5rMJ4W
371,Miss The Rage (feat. Playboi Carti),angry,"Trippie Redd,Playboi Carti",76,https://open.spotify.com/track/5gZYpjakt37G3c58FKcQwJ
372,Crisis,angry,Jasiah,61,https://open.spotify.com/track/5cGi1voAzIK9PE3tmNdYsR
373,Run + Ran,angry,Ken Carson,60,https://open.spotify.com/track/3kB7daTMGpX2hPRXdZww6M
374,New Tank,angry,Playboi Carti,75,https://open.spotify.com/track/4txKMpsSfZRV6durPuHVq0
375,BANGARANG,angry,KILLEDDY,62,https://open.spotify.com/track/2UEXRIn2kKNQ89cLTGElhI
376,brutal,angry,Olivia Rodrigo,79,https://open.spotify.com/track/6SRsiMl7w1USE4mFqrOhHC
377,Fed Up,angry,Ghostemane,76,https://open.spotify.com/track/0BV0AYGLVlu2SdjN3J9twp
378,FUCK YOU I AM VERY ANGRY AND SERIOUS,angry,Lil Darkie,52,https://open.spotify.com/track/14LCrkKYSplTLYlWK3BBZ5
379,Rage,angry,Rico Nasty,55,https://open.spotify.com/track/0d3pSVPhCfuzAJLyMUZYjT
380,Holler!,angry,Homixide Gang,60,https://open.spotify.com/track/6KvF7iueP2GDA6AuQlt24w
381,Not All Men,angry,Morgan St. Jean,58,https://open.spotify.com/track/16HzLmAArSTpIUkgkizfOM
382,Heart Attack,angry,Scarlxrd,64,https://open.spotify.com/track/7Cq27Qc3WRyQ3ddwVslpVZ
383,Led,angry,"GOTOU寄生獣,OmenXIII",63,https://open.spotify.com/track/2tewsqBBUALqKedOrnU1AT
384,Murda Musik (feat. Destroy Lonely),angry,"Ken Carson,Destroy Lonely",69,https://open.spotify.com/track/6N0I4EqoaIHib3W1LFPMzC
385,Meh,angry,Playboi Carti,70,https://open.spotify.com/track/15JRvf02KKGHKgC31jrpuh
386,Demon Time (feat. Ski Mask The Slump God),angry,"Trippie Redd,Ski Mask The Slump God",68,https://open.spotify.com/track/1hE8iI3YK9x1VUBDtSzg3x
387,Crazy Girls,angry,TOOPOOR,74,https://open.spotify.com/track/6cSDNYoWlMxzVfJLn6H301
388,Me and the Devil,angry,Soap&Skin,77,https://open.spotify.com/track/0wrWxW18WK2MkrfDpRHkyh
389,BATSHIT,angry,Lil Darkie,58,https://open.spotify.com/track/6YNh2sMxv2v09rfxiPjgcW
390,Limbo,angry,Freddie Dredd,85,https://open.spotify.com/track/37F7E7BKEw2E4O2L7u0IEp
391,Grab Da Door!,angry,Homixide Gang,55,https://open.spotify.com/track/3CVy14A3kKJpS0VnrygIQr
392,BULLETPROOF,angry,TOKYO’S REVENGE,57,https://open.spotify.com/track/6JNCvIx1FZ7mTbzFihBjDt
393,Perky Dream,angry,SeptembersRich,54,https://open.spotify.com/track/1b0gC6s5XQNVcsmPCpBznZ
394,Man's World,angry,MARINA,64,https://open.spotify.com/track/6qXM63MqfsATteIuCVMXvu
395,i need u,angry,Ken Carson,71,https://open.spotify.com/track/2gSPHSdf0vrk2Psxmn8sUn
396,M3tamorphosis (feat. Kid Cudi),angry,"Playboi Carti,Kid Cudi",65,https://open.spotify.com/track/7zLMYtNJcabv4h4wBnjNQI
397,JETLGGD,angry,Destroy Lonely,65,https://open.spotify.com/track/59U7bktlujuNRW7fBq1VDt
398,Doublë,angry,Yeat,68,https://open.spotify.com/track/1cfhlm0L8NXdQW6h8iMjxN
399,My Soldiers Rage,angry,Maul,66,https://open.spotify.com/track/2uO6LTp2vi4VlgEH9Gaj3R
400,Astra,disgust,Zingara,40,https://open.spotify.com/track/6cDcN08jQphgeZ1nwv5aFj
401,Trinity,disgust,Ganja White Night,40,https://open.spotify.com/track/0gre3MB3irVxLuYOrCODcn
402,PEACE LOVE & WUBZ,disgust,"LSDREAM,Cojaxx",51,https://open.spotify.com/track/776eASGwFLhvAUYmWZvwrL
403,Into Pieces (feat. Grabbitz),disgust,"Subtronics,Grabbitz",49,https://open.spotify.com/track/1gTa0kM9Xlfb2HS1KOzz4V
404,Here With Me,disgust,PEEKABOO,55,https://open.spotify.com/track/6qLM7FY8SPWYIyKKhzzVO0
405,Spacetime (feat. NEVVE),disgust,"Subtronics,Nevve",57,https://open.spotify.com/track/0yotOi6EFaBal5Gy7YVcuI
406,Escape - Subtronics Remix,disgust,"Kx5,deadmau5,Kaskade,Subtronics,Hayla",6,https://open.spotify.com/track/6Ep94gYKvkI4OqCOGV66Wx
407,Gassed Up,disgust,"Zeds Dead,Subtronics,Flowdan",60,https://open.spotify.com/track/6uwjDA0Qi6hk8C6lPJIMc9
408,Blood On Me,disgust,"SVDDEN DEATH,SLANDER",53,https://open.spotify.com/track/4dblKUfR2u2iQXCQ82awv6
409,Dominate,disgust,Space Laces,51,https://open.spotify.com/track/6zBFQ5dWHEmEx2RDoZ1ZP2
410,Bleed,disgust,SVDDEN DEATH,50,https://open.spotify.com/track/0xoP7caCgKlnT9JhnPbcXe
411,Maniac,disgust,PEEKABOO,46,https://open.spotify.com/track/7dtL3EKSsBkRmwVoJlep5j
412,Wook Worm,disgust,TVBOO,39,https://open.spotify.com/track/0N9pNJHVaFarSVeizaA0Il
413,SUB ZERO,disgust,Just A Gent,53,https://open.spotify.com/track/72VyFG8WRK6CeV3ToXccOm
414,Hieroglyph,disgust,Subtronics,41,https://open.spotify.com/track/6yPqKo9Sr45978wcmwP0cL
415,Kaleidoscope (Feat. Crystalline),disgust,"Champagne Drip,Crystalline",51,https://open.spotify.com/track/10dLRZ7GCIXEuUuONkNcxI
416,Gemini (feat. George Maple),disgust,"What So Not,George Maple",56,https://open.spotify.com/track/6sjtHq6EueMR7otphregK5
417,Color Of Your Soul,disgust,"GRiZ,CloZee",56,https://open.spotify.com/track/71LZ7lwCisTG3H9UXKraTe
418,Overthinker - CloZee Remix,disgust,"INZO,CloZee",0,https://open.spotify.com/track/09uLd12oTAf9UMbf0FKowo
419,Griztronics II (Another Level),disgust,"GRiZ,Subtronics",58,https://open.spotify.com/track/2il9NDpW87Hk2L9AjeDf8r
420,MOON LEGS,disgust,"LSDREAM,Z-Trip",35,https://open.spotify.com/track/2iBL8YUW4qazeHjz71HYxY
421,DRUGS!,disgust,"TVBOO,CHOMPPA",34,https://open.spotify.com/track/2ezI579koVXQun1pmREg8O
422,Shelter - OG Nixin Remix,disgust,"ATLiens,OG Nixin",23,https://open.spotify.com/track/6VPLb36WDoTgmd9iom0MqW
423,Gummy Worm (feat. Boogie T),disgust,"Subtronics,Boogie T",48,https://open.spotify.com/track/3CvIbxdih7XqVgtoRmYMAq
424,Bring It Back,disgust,"Blunts & Blondes,Badrapper",44,https://open.spotify.com/track/0buwgzsh8fD57lvbXxyROq
425,Blood Moon - Original Mix,disgust,VAMPA,39,https://open.spotify.com/track/3VldS1NA8jHmGOZDTbYcTj
426,Puzzle Box,disgust,"Rezz,Subtronics",62,https://open.spotify.com/track/5EhnuLMer8qAXEDwmLtyrW
427,Get To You - Mersiv Remix,disgust,"Saint Sinner,Supertask,Mersiv",45,https://open.spotify.com/track/5g12zzpoeylAgBZ09ixD6o
428,Menace,disgust,Rezz,55,https://open.spotify.com/track/0sBAwzKnPSSi74NMbn9WKI
429,Beautiful & Filthy,disgust,"Mersiv,Chill Bobby",46,https://open.spotify.com/track/4Z5rGE8672Kz67ukEIRj2V
430,Street - PEEKABOO Remix,disgust,"NGHTMRE,PEEKABOO",37,https://open.spotify.com/track/202xexTyHxpvi6aqaaGEYq
431,Vortex,disgust,"Rezz,PEEKABOO",41,https://open.spotify.com/track/6N6Sagy5jvDDUh9lfWrgJ1
432,Clockwork,disgust,Subtronics,0,https://open.spotify.com/track/2c5tS9k0AZEM2PfuiZwyL8
433,Lights Out - Ghastly Remix,disgust,"Zomboy,GHASTLY",47,https://open.spotify.com/track/7lY0fJVuJMY790QoVaAxOT
434,Reason For Fighting (feat. ERV ELLO),disgust,"Seven Lions,Blastoyz,ERV ELLO",47,https://open.spotify.com/track/2L2rzhnx1Xr6LiGuaYMepY
435,Sweet Dreams (Are Made Of This),disgust,"Rezz,fknsyd",58,https://open.spotify.com/track/2VgsFO5sOTrLo2AOXV7q0W
436,Fangs,disgust,"GHASTLY,ALRT",28,https://open.spotify.com/track/2yO3LKFF7BNrorjff5eFwO
437,Known You Before (with Emilie Brandt),disgust,"Jason Ross,Emilie Brandt,Seven Lions",40,https://open.spotify.com/track/6jFQGfokxpLHtjYHJQosDB
438,Galactic Federation,disgust,Zingara,30,https://open.spotify.com/track/2VHamq11R81guQ04YvjnuD
439,Pleasure Seeker,disgust,Mr. Bill,45,https://open.spotify.com/track/0inAo4hdWILQX1EbvMSseA
440,Spaceboss,disgust,"Liquid Stranger,Space Jesus",48,https://open.spotify.com/track/4HiuT2pdJzwdSKf72aSdhs
441,Crazies feat. Nate Husser,disgust,"Black Tiger Sex Machine,Nate Husser",44,https://open.spotify.com/track/6wXkFa3k8WL7pdwkfnLrVk
442,Won't Stop feat. Esseks,disgust,"Space Jesus,Esseks",46,https://open.spotify.com/track/2nd0K8u5m5rMInJTGUwI5C
443,Cheatcode,disgust,"Black Tiger Sex Machine,Hairitage,Hyro The Hero",50,https://open.spotify.com/track/1XYCWk1IBt0qA8BaQPV0VM
444,Lifeline,disgust,"Kayzo,Black Tiger Sex Machine,Point North",48,https://open.spotify.com/track/2GxBmvhUHMz9nwEcBzpFBK
445,Lions - Doctor P Remix,disgust,"Black Tiger Sex Machine,YOOKiE,Doctor P",49,https://open.spotify.com/track/6exH1RP0wkEQgfHJ3rd2mP
446,Religion - Far Too Loud Remix,disgust,"Black Tiger Sex Machine,Far Too Loud,LeKtriQue",44,https://open.spotify.com/track/3h3nlfgeLsjWW5otfkXUWo
447,The Grave feat. Gabriella Hook - Original Mix,disgust,"Apashe,Black Tiger Sex Machine",45,https://open.spotify.com/track/6iEYUpmDCaKKBgzQkuzbBw
448,Resistance,disgust,"Black Tiger Sex Machine,Hairitage,Hyro The Hero",44,https://open.spotify.com/track/46Eg3aa1RZttnZ3sd4u3fd
449,Trailblazer,disgust,"Black Tiger Sex Machine,Macntaj",43,https://open.spotify.com/track/0GOvMicWHWuEESROLcNhXG
450,I Don't Wanna Know,disgust,"Friendzone,Nikademis,Candace Sosa",39,https://open.spotify.com/track/7BNVTdnnoMPzj8URWmmGMU
451,Shivering,disgust,"ILLENIUM,Spiritbox",62,https://open.spotify.com/track/10Q3ASy9okYt85040yV46c
452,BREAK LAW,disgust,"Dog Blood,Skrillex,Boys Noize",53,https://open.spotify.com/track/223t7TwvWm5PuE1IuWpRZM
453,20:25,disgust,"Flux Pavilion,What So Not,The Chain Gang Of 1974",49,https://open.spotify.com/track/7bg3UimnS4beLnE476hfEE
454,Rising,disgust,Duskus,8,https://open.spotify.com/track/0NsJZhDg9p1FrxY15UCPAS
455,Bad Things,disgust,Alison Wonderland,43,https://open.spotify.com/track/47ReVc3e4YlHxh0t0gBk6l
456,Babylon (feat. Denzel Curry) - Skrillex & Ronny J Remix,disgust,"Ekali,Denzel Curry,Skrillex,RONNY J",49,https://open.spotify.com/track/0sW7xBDLtKuGvcPxmt75CT
457,Phantom,disgust,"Allen Mock,Chow Chow",50,https://open.spotify.com/track/7hX7eKN0PglaprxYdmD6rn
458,Gangsta Gangsta (feat. Baby Eazy-E),disgust,"Dr. Fresch,Baby Eazy E",58,https://open.spotify.com/track/5w6rgrtYFhC6NkUknX1exC
459,Thoughts,disgust,Loud,0,https://open.spotify.com/track/21WKsduZtayTEMVc55Q4mv
460,Fuji Opener,disgust,"Skrillex,Alvin Risk",54,https://open.spotify.com/track/0tVv9FxhUjHrhF1DLsDUNH
461,Death Rail,disgust,Hi I'm Ghost,0,https://open.spotify.com/track/0gtuo2bvKsqW8yiqQvvtcr
462,Walls - Subtronics Remix,disgust,"Eliminate,Subtronics",27,https://open.spotify.com/track/5m8lvkQwpJjutCBipUI4jL
463,BODY SH!T,disgust,"BLVK JVCK,A$AP TyY",45,https://open.spotify.com/track/2yq5k7wZqY11UXOulrfO8F
464,Feel No Pain,disgust,GRiZ,51,https://open.spotify.com/track/5d8FKzupYxokVUB1fZEamz
465,Paradise,disgust,"Mersiv,Fryar",43,https://open.spotify.com/track/0X9ARLoGvzce3CMUs1xgJh
466,Like Before,disgust,"Jauz,Habstrakt",52,https://open.spotify.com/track/1E3u84XwqE5mHxjdTSIodR
467,Skins,disgust,"Kai Wachi,YMIR",48,https://open.spotify.com/track/54zrIs7UXX7kp3sFj7mlvG
468,Spicy Trap House Drums Vol. 1 [Sample Pack Demo],disgust,"Eliminate,Modestep,Disciple",22,https://open.spotify.com/track/2GvuLrzyDKKGpGvFvv0q2j
469,Boss Mode,disgust,Knife Party,45,https://open.spotify.com/track/3ygMNzTlytWlHsynGAWvZ7
470,Lions - Doctor P Remix,disgust,"Black Tiger Sex Machine,YOOKiE,Doctor P",49,https://open.spotify.com/track/6exH1RP0wkEQgfHJ3rd2mP
471,Time,disgust,"Chemical Surf,Dubdisko",47,https://open.spotify.com/track/7yd2juG2UAETeptVdtFAzs
472,Ease Your Mind,disgust,"GRiZ,Ganja White Night",45,https://open.spotify.com/track/0uwXneXFLt47MlgvoQDouq
473,Safe,disgust,Petit Biscuit,38,https://open.spotify.com/track/2Yw2IZdMHoREKVADi92Hka
474,Illusion (feat. Born I),disgust,"Bassnectar,PEEKABOO,Born I",43,https://open.spotify.com/track/1coG30H5gED9tscKZookCC
475,NOSEBLEED,disgust,"PEEKABOO,Eptic",43,https://open.spotify.com/track/6qxOL5Opjw8rVp3xMsR9os
476,Low Dive,disgust,Esseks,53,https://open.spotify.com/track/5H0ZNJqdJOQlkuEZ7HFItU
477,Evil Lair,disgust,PEEKABOO,33,https://open.spotify.com/track/0NGvb6FxuMezq7D104q6GI
478,Mitosis,disgust,"Ganja White Night,PEEKABOO",47,https://open.spotify.com/track/0zOqoAh2thAbmju80p850h
479,POWERMOVE,disgust,"PEEKABOO,ISOxo",36,https://open.spotify.com/track/1ndzPP1VWJvnF7CG5qX2Wx
480,Nut Case,disgust,PEEKABOO,26,https://open.spotify.com/track/6m9bxuTDyinbqkCc747vbw
481,Black Hole,disgust,PEEKABOO,25,https://open.spotify.com/track/4VQK9d4giauCdAN9C8W6nh
482,Marine Iguana,disgust,12th Planet,44,https://open.spotify.com/track/5wVaPZM1qxJUp5pcaVNXII
483,One Two,disgust,Virtual Riot,37,https://open.spotify.com/track/46M3KFt2Aahvebp6O7zTBw
484,Lost It - VIP,disgust,"Virtual Riot,Pearl Andersson",47,https://open.spotify.com/track/1o0xAaXY4nEaPdBGiLZdNb
485,Alive,disgust,"Virtual Riot,Lisa Rowe",27,https://open.spotify.com/track/0SALuANbNVmQzRGV5gNg3G
486,Hooked,disgust,NOTION,66,https://open.spotify.com/track/4v7kKFlEDmpVToHOICsXaM
487,Show Me (VIP),disgust,"Hamdi,Sammy Virji",38,https://open.spotify.com/track/3w49BYdjw2Co5Y8pZf3hkV
488,Sensei,disgust,Datsik,35,https://open.spotify.com/track/3A5y9pEKtVlRUbliLGg1VX
489,Lifeline,disgust,"Kayzo,Black Tiger Sex Machine,Point North",48,https://open.spotify.com/track/2GxBmvhUHMz9nwEcBzpFBK
490,CHOKE (with grandson & Zero 9:36),disgust,"The Warning,grandson,Zero 9:36",57,https://open.spotify.com/track/3AV8nyFN5AgejU5DZI9wKl
491,Terraria,disgust,Exyl,37,https://open.spotify.com/track/56TUesLuozM16kd2dvrkWW
492,Invade,disgust,Papa Khan,4,https://open.spotify.com/track/7k8NSRH7CEf41VvZZAgg30
493,Alpha,disgust,Papa Khan,5,https://open.spotify.com/track/4XZSkpnUWC43JPrzTDNO5h
494,Papa Style,disgust,Papa Khan,7,https://open.spotify.com/track/597AyiWtGaMdyxr349DeKX
495,Meninggal,disgust,Papa Khan,5,https://open.spotify.com/track/7lMDHzZfjbAXJPguzDjfWi
496,FUNKONAUT,disgust,"GRiZ,LSDREAM",52,https://open.spotify.com/track/0fy3MozJBrM858gEIo3Yec
497,Subliminal (Even the Ghosts are Laughing),disgust,"HVDES,CRaymak,AFTERMYFALL",37,https://open.spotify.com/track/6T7ORp4dBOA93elX1NIYOm
498,No Chill,disgust,Control Freak,36,https://open.spotify.com/track/46VgwcEKnjPCcSEsJ5fWY2
499,Birdz (with Smokepurpp),disgust,"Wuki,Smokepurpp",35,https://open.spotify.com/track/0Uhbn8GeomTRkkVAapjM4Z
500,Rich Flex,surprise,"Drake,21 Savage",92,https://open.spotify.com/track/1bDbXMyjaUIooNwFE9wn0N
501,Just Wanna Rock,surprise,Lil Uzi Vert,91,https://open.spotify.com/track/4FyesJzVpA39hbYvcseO2d
502,Superhero (Heroes & Villains) [with Future & Chris Brown],surprise,"Metro Boomin,Future,Chris Brown",91,https://open.spotify.com/track/0vjeOZ3Ft5jvAi9SBFJm1j
503,Till I Collapse,surprise,"Eminem,Nate Dogg",87,https://open.spotify.com/track/4xkOaSrkexMciUUogZKVTS
504,Doja,surprise,Central Cee,87,https://open.spotify.com/track/3LtpKP5abr2qqjunvjlX5i
505,Jimmy Cooks (feat. 21 Savage),surprise,"Drake,21 Savage",89,https://open.spotify.com/track/3F5CgOj3wFlRv51JsHbxhe
506,HUMBLE.,surprise,Kendrick Lamar,86,https://open.spotify.com/track/7KXjTSCq5nL1LoYtL7XAwS
507,Ni**as In Paris,surprise,"JAY-Z,Kanye West",86,https://open.spotify.com/track/4Li2WHPkuyCdtmokzW2007
508,Drip Too Hard (Lil Baby & Gunna),surprise,"Lil Baby,Gunna",85,https://open.spotify.com/track/78QR3Wp35dqAhFEc2qAGjE
509,Still D.R.E.,surprise,"Dr. Dre,Snoop Dogg",85,https://open.spotify.com/track/503OTo2dSqe7qk76rgsbep
510,Red Ruby Da Sleeze,surprise,Nicki Minaj,85,https://open.spotify.com/track/4ZYAU4A2YBtlNdqOUtc7T2
511,Ric Flair Drip (with Metro Boomin),surprise,"Offset,Metro Boomin",84,https://open.spotify.com/track/7sO5G9EABYOXQKNPNiE9NR
512,SICKO MODE,surprise,Travis Scott,84,https://open.spotify.com/track/2xLMifQCjDGFmkHkpNLD9h
513,Godzilla (feat. Juice WRLD),surprise,"Eminem,Juice WRLD",84,https://open.spotify.com/track/7FIWs0pqAYbP91WWM0vlTQ
514,Vegas (From the Original Motion Picture Soundtrack ELVIS),surprise,Doja Cat,84,https://open.spotify.com/track/0hquQWY3xvYqN4qtiquniF
515,INDUSTRY BABY (feat. Jack Harlow),surprise,"Lil Nas X,Jack Harlow",84,https://open.spotify.com/track/27NovPIUIRrOZoCHxABJwK
516,Dior,surprise,Pop Smoke,83,https://open.spotify.com/track/79s5XnCN4TJKTVMSmOx8Ep
517,Yes Indeed,surprise,"Lil Baby,Drake",83,https://open.spotify.com/track/6vN77lE9LK6HP2DewaN6HZ
518,Hit 'Em Up - Single Version,surprise,"2Pac,Outlawz",83,https://open.spotify.com/track/0Z2J91b2iTGLVTZC4fKgxf
519,Wow.,surprise,Post Malone,83,https://open.spotify.com/track/7xQAfvXzm3AkraOtGPWIZg
520,Can't Hold Us (feat. Ray Dalton),surprise,"Macklemore & Ryan Lewis,Macklemore,Ryan Lewis,Ray Dalton",83,https://open.spotify.com/track/3bidbhpOYeV4knp8AIu8Xn
521,Let You Down,surprise,NF,82,https://open.spotify.com/track/52okn5MNA47tk87PeZJLEL
522,Work Out,surprise,J. Cole,82,https://open.spotify.com/track/2wAJTrFhCnQyNSD3oUgTZO
523,The Next Episode,surprise,"Dr. Dre,Snoop Dogg",82,https://open.spotify.com/track/4LwU4Vp6od3Sb08CsP99GC
524,Look At Me!,surprise,XXXTENTACION,82,https://open.spotify.com/track/7floNISpH8VF4z4459Qo18
525,Ransom,surprise,Lil Tecca,82,https://open.spotify.com/track/1lOe9qE0vR9zwWQAOk6CoO
526,Going Bad (feat. Drake),surprise,"Meek Mill,Drake",82,https://open.spotify.com/track/2IRZnDFmlqMuOrYOLnZZyc
527,Alright,surprise,Kendrick Lamar,82,https://open.spotify.com/track/3iVcZ5G6tvkXZkZKlMpIUs
528,California Love - Original Version,surprise,"2Pac,Roger,Dr. Dre",81,https://open.spotify.com/track/3ia3dJETSOllPsv3LJkE35
529,Super Freaky Girl,surprise,Nicki Minaj,81,https://open.spotify.com/track/4C6Uex2ILwJi9sZXRdmqXp
530,Forgot About Dre,surprise,"Dr. Dre,Eminem",81,https://open.spotify.com/track/7iXF2W9vKmDoGAhlHdpyIa
531,Invincible,surprise,Pop Smoke,80,https://open.spotify.com/track/792HwhrdO3ErRKL5yRe4Ge
532,Magnolia,surprise,Playboi Carti,80,https://open.spotify.com/track/1e1JKLEDKP7hEQzJfNAgPl
533,Nonstop,surprise,Drake,80,https://open.spotify.com/track/0TlLq3lA83rQOYtrqBqSct
534,DO IT AGAIN (feat. 2Rare),surprise,"NLE Choppa,2Rare",80,https://open.spotify.com/track/5gAwpwuchaCGnJLlBMGBzp
535,ROCKSTAR (feat. Roddy Ricch),surprise,"DaBaby,Roddy Ricch",79,https://open.spotify.com/track/7ytR5pFWmSjzHJIeQkgog4
536,Element,surprise,Pop Smoke,80,https://open.spotify.com/track/57BGVV6wcyhbn3hsjlqEZB
537,DNA.,surprise,Kendrick Lamar,81,https://open.spotify.com/track/6HZILIRieu8S0iqY8kIKhj
538,"Nuthin' But A ""G"" Thang",surprise,"Dr. Dre,Snoop Dogg",79,https://open.spotify.com/track/5Tbpp3OLLClPJF8t1DmrFD
539,Die Young (feat. 347aidan),surprise,"Sleepy Hallow,347aidan",79,https://open.spotify.com/track/6EbVuwU7EnKeF2hdpViXCH
540,Rap God,surprise,Eminem,79,https://open.spotify.com/track/6or1bKJiZ06IlK0vFvY75k
541,OUT WEST (feat. Young Thug),surprise,"JACKBOYS,Travis Scott,Young Thug",78,https://open.spotify.com/track/6gi6y1xwmVszDWkUqab1qw
542,Collard Greens,surprise,"ScHoolboy Q,Kendrick Lamar",78,https://open.spotify.com/track/0zO8ctW0UiuOefR87OeJOZ
543,Sticky,surprise,Drake,78,https://open.spotify.com/track/4rmVZajAF7PkrCagGPHbqa
544,family ties (with Kendrick Lamar),surprise,"Baby Keem,Kendrick Lamar",78,https://open.spotify.com/track/7Bpx2vsWfQFBACRz4h3IqH
545,Black and Yellow,surprise,Wiz Khalifa,78,https://open.spotify.com/track/5A6OHHy73AR5tLxgTc98zz
546,"Lose Yourself - From ""8 Mile"" Soundtrack",surprise,Eminem,79,https://open.spotify.com/track/5Z01UMMf7V1o0MzF86s6WJ
547,How We Do,surprise,"The Game,50 Cent",77,https://open.spotify.com/track/4PmMVdIFpJTB9WQbmILf4p
548,ZEZE (feat. Travis Scott & Offset),surprise,"Kodak Black,Offset,Travis Scott",77,https://open.spotify.com/track/0FZ4Dmg8jJJAPJnvBIzD9z
549,In Da Club,surprise,50 Cent,77,https://open.spotify.com/track/4RY96Asd9IefaL3X4LOLZ8
550,No Hands (feat. Roscoe Dash & Wale),surprise,"Waka Flocka Flame,Roscoe Dash,Wale",77,https://open.spotify.com/track/03tqyYWC9Um2ZqU0ZN849H
551,Broke Boys,surprise,"Drake,21 Savage",78,https://open.spotify.com/track/45pUWUeEWGoSdH6UF162G8
552,Stir Fry,surprise,Migos,77,https://open.spotify.com/track/2UVbBKQOdFAekPTRsnkzcf
553,Doo Wop (That Thing),surprise,Ms. Lauryn Hill,77,https://open.spotify.com/track/0uEp9E98JB5awlA084uaIg
554,1400 / 999 Freestyle,surprise,"Trippie Redd,Juice WRLD",77,https://open.spotify.com/track/75lcPkAkUsKWHGBlGM476R
555,Live Your Life,surprise,"T.I.,Rihanna",77,https://open.spotify.com/track/3jlbL2OTD5YmIunYzgQTAN
556,"F**kin' Problems (feat. Drake, 2 Chainz & Kendrick Lamar)",surprise,"A$AP Rocky,Drake,2 Chainz,Kendrick Lamar",77,https://open.spotify.com/track/4X5f3vT8MRuXF68pfjNte5
557,Got It On Me,surprise,Pop Smoke,77,https://open.spotify.com/track/25zlnOAzbVoOzIeXSvQFf1
558,Pure Water (with Migos),surprise,"Mustard,Migos",77,https://open.spotify.com/track/3j84U36KvLeXNDPv4t5pI8
559,Broke In A Minute,surprise,Tory Lanez,77,https://open.spotify.com/track/4xqIYGwwZTEem9U8A42SPF
560,GATTI,surprise,"JACKBOYS,Pop Smoke,Travis Scott",77,https://open.spotify.com/track/40mjsnRjCpycdUw3xhS20g
561,United In Grief,surprise,Kendrick Lamar,77,https://open.spotify.com/track/5Gt9bxniM1SxN61yRzRhXL
562,When I Grow Up,surprise,NF,76,https://open.spotify.com/track/5rLyYxZNzca00ENADO9m54
563,Trophies,surprise,"Young Money,Drake",76,https://open.spotify.com/track/6HfOzLLjsaXsehIFEsrxTk
564,Blueberry Faygo,surprise,Lil Mosey,76,https://open.spotify.com/track/22LAwLoDA5b4AaGSkg6bKW
565,Make No Sense,surprise,YoungBoy Never Broke Again,76,https://open.spotify.com/track/6klLvorLoo1sxvZcjJIY8I
566,Plain Jane,surprise,A$AP Ferg,76,https://open.spotify.com/track/4dVpf9jZjcORqGTLUaeYj9
567,STARGAZING,surprise,Travis Scott,76,https://open.spotify.com/track/7wBJfHzpfI3032CSD7CE2m
568,King Kunta,surprise,Kendrick Lamar,76,https://open.spotify.com/track/0N3W5peJUQtI4eyR6GJT5O
569,679 (feat. Remy Boyz),surprise,"Fetty Wap,Remy Boyz",76,https://open.spotify.com/track/5NQbUaeTEOGdD6hHcre0dZ
570,Headshot (feat. Polo G & Fivio Foreign),surprise,"Lil Tjay,Polo G,Fivio Foreign",76,https://open.spotify.com/track/4eNOLmx8r2IJAVKvBBL1jv
571,Faucet Failure,surprise,Ski Mask The Slump God,76,https://open.spotify.com/track/1ThmUihH9dF8EV08ku5AXN
572,Dua Lipa,surprise,Jack Harlow,76,https://open.spotify.com/track/0LnS7aOdOdI1dNKZqdOLz4
573,Come Get Her,surprise,Rae Sremmurd,75,https://open.spotify.com/track/1Ser4X0TKttOvo8bgdytTP
574,Ramen & OJ,surprise,"Joyner Lucas,Lil Baby",75,https://open.spotify.com/track/4TIqzdAssasqx3DAe6cG9J
575,Whatever You Like,surprise,T.I.,75,https://open.spotify.com/track/1IAzD1muglOxOcPbUHs70R
576,Transportin',surprise,Kodak Black,75,https://open.spotify.com/track/1WIZiOuNO3woKfdlSK2gNn
577,POPSTAR (feat. Drake),surprise,"DJ Khaled,Drake",75,https://open.spotify.com/track/6EDO9iiTtwNv6waLwa1UUq
578,Hate The Other Side (with Marshmello & The Kid Laroi),surprise,"Juice WRLD,Marshmello,The Kid LAROI,Polo G",75,https://open.spotify.com/track/0ada5XsQGLPUVbmTCkAP49
579,Trap Queen,surprise,Fetty Wap,75,https://open.spotify.com/track/2d8JP84HNLKhmd6IYOoupQ
580,My Band,surprise,D12,75,https://open.spotify.com/track/4XHQyvbrBsQaaBUW1VvmsL
581,Swervin (feat. 6ix9ine),surprise,"A Boogie Wit da Hoodie,6ix9ine",75,https://open.spotify.com/track/1wJRveJZLSb1rjhnUHQiv6
582,"WHATS POPPIN (feat. DaBaby, Tory Lanez & Lil Wayne) - Remix",surprise,"Jack Harlow,Tory Lanez,DaBaby,Lil Wayne",75,https://open.spotify.com/track/2MbdDtCv5LUVjYy9RuGTgC
583,Bandit (with YoungBoy Never Broke Again),surprise,"Juice WRLD,YoungBoy Never Broke Again",75,https://open.spotify.com/track/6Gg1gjgKi2AK4e0qzsR7sd
584,Homicide (feat. Eminem),surprise,"Logic,Eminem",75,https://open.spotify.com/track/7M2tXmeS15NAzEn7ABFeBg
585,6 Foot 7 Foot,surprise,"Lil Wayne,Cory Gunz",75,https://open.spotify.com/track/5Qy6a5KzM4XlRxsNcGYhgH
586,I Don't Like,surprise,"Chief Keef,Lil Reese",75,https://open.spotify.com/track/1h6kgem1ai8vUgO1rZOwfB
587,Shotta Flow (feat. Blueface) [Remix],surprise,"NLE Choppa,Blueface",74,https://open.spotify.com/track/5BJMeoCXXgbRAWfp6fTulr
588,Love & War,surprise,Kodak Black,74,https://open.spotify.com/track/293mQGfVwgXIOdA1GpiwAt
589,Gotta Have It,surprise,"JAY-Z,Kanye West",74,https://open.spotify.com/track/5Pt83OUaK3K9C2if4C5JOk
590,Remember the Name (feat. Styles of Beyond),surprise,"Fort Minor,Styles Of Beyond",74,https://open.spotify.com/track/6ndmKwWqMozN2tcZqzCX4K
591,Money,surprise,Cardi B,74,https://open.spotify.com/track/2GGMabyHXnJmjY6CXhhB2e
592,Can't Be Touched (feat. Mr. Magic & Trouble),surprise,"Roy Jones Jr.,Mr Magic,Trouble",74,https://open.spotify.com/track/3zmduBNsQ6BPDTZAkXzG5K
593,Lord Pretty Flacko Jodye 2 (LPFJ2),surprise,A$AP Rocky,73,https://open.spotify.com/track/1j6kDJttn6wbVyMaM42Nxm
594,Beware,surprise,"Big Sean,Lil Wayne,Jhené Aiko",73,https://open.spotify.com/track/6bxUnsSGZCmoHHU5auwtps
595,Hot N*gga,surprise,Bobby Shmurda,73,https://open.spotify.com/track/19gEmPjfqSZT0ulDRfjl0m
596,Never Sleep (with Lil Baby feat. Travis Scott),surprise,"NAV,Lil Baby,Travis Scott",73,https://open.spotify.com/track/3GdWfmQBiiJrDUvSZS1bGv
597,Taste (feat. Offset),surprise,"Tyga,Offset",73,https://open.spotify.com/track/5IaHrVsrferBYDm0bDyABy
598,Up,surprise,Cardi B,73,https://open.spotify.com/track/1XXimziG1uhM0eDNCZCrUl
599,Ball If I Want To,surprise,DaBaby,73,https://open.spotify.com/track/0cu0rhnlCnJ7JIeHRiLpj3
600,Kill Bill (feat. Doja Cat),neutral,"SZA,Doja Cat",82,https://open.spotify.com/track/0CrcwVLUe8wzLUIXgjXVZJ
601,Chemical,neutral,Post Malone,84,https://open.spotify.com/track/5w40ZYhbBMAlHYNDaVJIUu
602,Calm Down (with Selena Gomez),neutral,"Rema,Selena Gomez",96,https://open.spotify.com/track/0WtM2NBVQNNJLh6scP13H8
603,Search & Rescue,neutral,Drake,90,https://open.spotify.com/track/7aRCf5cLOFN1U7kvtChY1G
604,Boy's a liar Pt. 2,neutral,"PinkPantheress,Ice Spice",98,https://open.spotify.com/track/6AQbmUe0Qwf5PZnt4HmTXv
605,Flowers,neutral,Miley Cyrus,100,https://open.spotify.com/track/0yLdNVWF3Srea0uzk55zFn
606,Sure Thing,neutral,Miguel,92,https://open.spotify.com/track/0JXXNGljqupsJaZsgSbMZV
607,Players,neutral,Coi Leray,93,https://open.spotify.com/track/6UN73IYd0hZxLi8wFPMQij
608,Die For You - Remix,neutral,"The Weeknd,Ariana Grande",95,https://open.spotify.com/track/7oDd86yk8itslrA9HRP2ki
609,Fast Car,neutral,Luke Combs,86,https://open.spotify.com/track/1Lo0QY9cvc8sUB2vnIOxDT
610,Until I Found You (with Em Beihold) - Em Beihold Version,neutral,"Stephen Sanchez,Em Beihold",94,https://open.spotify.com/track/1Y3LN4zO1Edc2EluIoSPJN
611,Last Night,neutral,Morgan Wallen,90,https://open.spotify.com/track/59uQI0PADDKeE6UZDTJEe8
612,Anti-Hero,neutral,Taylor Swift,95,https://open.spotify.com/track/0V3wPSX9ygBnCm8psDIegu
613,Nonsense,neutral,Sabrina Carpenter,90,https://open.spotify.com/track/6dgUya35uo964z7GZXM07g
614,Bad Habit,neutral,Steve Lacy,87,https://open.spotify.com/track/5CM4UuQ9Gnd6K2YyKGPMoK
615,Waffle House,neutral,Jonas Brothers,79,https://open.spotify.com/track/5iE3eUH2WGCXcE2xr6DEmU
616,Escapism.,neutral,"RAYE,070 Shake",86,https://open.spotify.com/track/5mHdCZtVyb4DcJw8799hZp
617,Creepin' (with The Weeknd & 21 Savage),neutral,"Metro Boomin,The Weeknd,21 Savage",97,https://open.spotify.com/track/2dHHgzDwk4BJdRwy9uXhTO
618,Princess Diana (with Nicki Minaj),neutral,"Ice Spice,Nicki Minaj",81,https://open.spotify.com/track/0ZxhtATQ0a6EvQNZ0z6NKV
619,Never Felt So Alone,neutral,Labrinth,86,https://open.spotify.com/track/2NbsBSshscKIPRG3kwBbfo
620,I Ain't Worried,neutral,OneRepublic,94,https://open.spotify.com/track/4h9wh7iOZ0GGn8QVp4RAOB
621,ceilings,neutral,Lizzy McAlpine,92,https://open.spotify.com/track/2L9N0zZnd37dwF0clgxMGI
622,un x100to,neutral,"Grupo Frontera,Bad Bunny",85,https://open.spotify.com/track/6pD0ufEQq0xdHSsRbg9LBK
623,Moonlight,neutral,Kali Uchis,83,https://open.spotify.com/track/0JmnkIqdlnUzPaf8sqBRs3
624,Favorite Song,neutral,Toosii,85,https://open.spotify.com/track/1SRw5p2lVAi7RGlHEmZg66
625,All Of The Girls You Loved Before,neutral,Taylor Swift,91,https://open.spotify.com/track/4P9Q0GojKVXpRTJCaL3kyy
626,Eat Your Young,neutral,Hozier,82,https://open.spotify.com/track/2Jw3VjB1xy5KHBqEeAC6VK
627,Something in the Orange,neutral,Zach Bryan,89,https://open.spotify.com/track/3WMj8moIAXJhHsyLaqIIHI
628,VOID,neutral,Melanie Martinez,80,https://open.spotify.com/track/1QvvLc5UihfQ2nOxzhjuek
629,Always,neutral,Daniel Caesar,77,https://open.spotify.com/track/2LlOeW5rVcvl3QcPNPcDus
630,Heaven,neutral,Niall Horan,88,https://open.spotify.com/track/1yHVHoz6Ny29gbbWJYVnFt
631,Lavender Haze,neutral,Taylor Swift,89,https://open.spotify.com/track/5jQI2r1RdgtuT8S3iG8zFC
632,Eyes Closed,neutral,Ed Sheeran,89,https://open.spotify.com/track/07bsRv0pcpbG4zJeLsUs1p
633,golden hour,neutral,JVKE,91,https://open.spotify.com/track/5odlY52u43F5BjByhxg7wg
634,Unholy (feat. Kim Petras),neutral,"Sam Smith,Kim Petras",93,https://open.spotify.com/track/3nqQXoyQOWXiESFLlDF1hG
635,SLUT ME OUT,neutral,NLE Choppa,88,https://open.spotify.com/track/5BmB3OaQyYXCqRyN8iR2Yi
636,Here With Me,neutral,d4vd,95,https://open.spotify.com/track/78Sw5GDo6AlGwTwanjXbGh
637,Snooze,neutral,SZA,93,https://open.spotify.com/track/4iZ4pt7kvcaH6Yo8UoZ4s2
638,HAPPY,neutral,NF,83,https://open.spotify.com/track/3ZEno9fORwMA1HPecdLi0R
639,Just Wanna Rock,neutral,Lil Uzi Vert,91,https://open.spotify.com/track/4FyesJzVpA39hbYvcseO2d
640,As It Was,neutral,Harry Styles,93,https://open.spotify.com/track/4LRPiXqCikLlN15c3yImP7
641,CUFF IT,neutral,Beyoncé,90,https://open.spotify.com/track/1xzi1Jcr7mEi9K2RfzLOqS
642,Private Landing (feat. Justin Bieber & Future),neutral,"Don Toliver,Justin Bieber,Future",85,https://open.spotify.com/track/52NGJPcLUzQq5w7uv4e5gf
643,BESO,neutral,"ROSALÍA,Rauw Alejandro",96,https://open.spotify.com/track/609E1JCInJncactoMmkDon
644,Thinkin’ Bout Me,neutral,Morgan Wallen,87,https://open.spotify.com/track/0PAcdVzhPO4gq1Iym9ESnK
645,DOGTOOTH,neutral,"Tyler, The Creator",84,https://open.spotify.com/track/0judK8TqYfvwUohBngUxrE
646,"Shakira: Bzrp Music Sessions, Vol. 53",neutral,"Bizarrap,Shakira",97,https://open.spotify.com/track/4nrPB8O7Y7wsOCJdgXkthe
647,Rich Flex,neutral,"Drake,21 Savage",92,https://open.spotify.com/track/1bDbXMyjaUIooNwFE9wn0N
648,Trance (with Travis Scott & Young Thug),neutral,"Metro Boomin,Travis Scott,Young Thug",90,https://open.spotify.com/track/5wG3HvLhF6Y5KTGlK0IW3J
649,TQG,neutral,"KAROL G,Shakira",98,https://open.spotify.com/track/0DWdj2oZMBFSzRsi2Cvfzf
650,Chemical,neutral,Post Malone,84,https://open.spotify.com/track/5w40ZYhbBMAlHYNDaVJIUu
651,Boy's a liar Pt. 2,neutral,"PinkPantheress,Ice Spice",98,https://open.spotify.com/track/6AQbmUe0Qwf5PZnt4HmTXv
652,Calm Down (with Selena Gomez),neutral,"Rema,Selena Gomez",96,https://open.spotify.com/track/0WtM2NBVQNNJLh6scP13H8
653,Kill Bill (feat. Doja Cat),neutral,"SZA,Doja Cat",82,https://open.spotify.com/track/0CrcwVLUe8wzLUIXgjXVZJ
654,Flowers,neutral,Miley Cyrus,100,https://open.spotify.com/track/0yLdNVWF3Srea0uzk55zFn
655,Players,neutral,Coi Leray,93,https://open.spotify.com/track/6UN73IYd0hZxLi8wFPMQij
656,Die For You - Remix,neutral,"The Weeknd,Ariana Grande",95,https://open.spotify.com/track/7oDd86yk8itslrA9HRP2ki
657,Escapism.,neutral,"RAYE,070 Shake",86,https://open.spotify.com/track/5mHdCZtVyb4DcJw8799hZp
658,Never Felt So Alone,neutral,Labrinth,86,https://open.spotify.com/track/2NbsBSshscKIPRG3kwBbfo
659,BESO,neutral,"ROSALÍA,Rauw Alejandro",96,https://open.spotify.com/track/609E1JCInJncactoMmkDon
660,As It Was,neutral,Harry Styles,93,https://open.spotify.com/track/4LRPiXqCikLlN15c3yImP7
661,Anti-Hero,neutral,Taylor Swift,95,https://open.spotify.com/track/0V3wPSX9ygBnCm8psDIegu
662,Creepin' (with The Weeknd & 21 Savage),neutral,"Metro Boomin,The Weeknd,21 Savage",97,https://open.spotify.com/track/2dHHgzDwk4BJdRwy9uXhTO
663,Eyes Closed,neutral,Ed Sheeran,89,https://open.spotify.com/track/07bsRv0pcpbG4zJeLsUs1p
664,People,neutral,Libianca,92,https://open.spotify.com/track/26b3oVLrRUaaybJulow9kz
665,Search & Rescue,neutral,Drake,90,https://open.spotify.com/track/7aRCf5cLOFN1U7kvtChY1G
666,golden hour,neutral,JVKE,91,https://open.spotify.com/track/5odlY52u43F5BjByhxg7wg
667,Miracle (with Ellie Goulding),neutral,"Calvin Harris,Ellie Goulding",90,https://open.spotify.com/track/5eTaQYBE1yrActixMAeLcZ
668,Until I Found You (with Em Beihold) - Em Beihold Version,neutral,"Stephen Sanchez,Em Beihold",94,https://open.spotify.com/track/1Y3LN4zO1Edc2EluIoSPJN
669,ceilings,neutral,Lizzy McAlpine,92,https://open.spotify.com/track/2L9N0zZnd37dwF0clgxMGI
670,Snooze,neutral,SZA,93,https://open.spotify.com/track/4iZ4pt7kvcaH6Yo8UoZ4s2
671,CUFF IT,neutral,Beyoncé,90,https://open.spotify.com/track/1xzi1Jcr7mEi9K2RfzLOqS
672,Here With Me,neutral,d4vd,95,https://open.spotify.com/track/78Sw5GDo6AlGwTwanjXbGh
673,Unholy (feat. Kim Petras),neutral,"Sam Smith,Kim Petras",93,https://open.spotify.com/track/3nqQXoyQOWXiESFLlDF1hG
674,Just Wanna Rock,neutral,Lil Uzi Vert,91,https://open.spotify.com/track/4FyesJzVpA39hbYvcseO2d
675,I Ain't Worried,neutral,OneRepublic,94,https://open.spotify.com/track/4h9wh7iOZ0GGn8QVp4RAOB
676,I'm Good (Blue),neutral,"David Guetta,Bebe Rexha",95,https://open.spotify.com/track/4uUG5RXrOk84mYEfFvj3cK
677,OMG,neutral,NewJeans,94,https://open.spotify.com/track/65FftemJ1DbbZ45DUfHJXE
678,10:35,neutral,"Tiësto,Tate McRae",91,https://open.spotify.com/track/6BePGk3eCan4FqaW2X8Qy3
679,LET GO,neutral,Central Cee,89,https://open.spotify.com/track/3zkyus0njMCL6phZmNNEeN
680,DOGTOOTH,neutral,"Tyler, The Creator",84,https://open.spotify.com/track/0judK8TqYfvwUohBngUxrE
681,La Bebe - Remix,neutral,"Yng Lvcas,Peso Pluma",95,https://open.spotify.com/track/2UW7JaomAMuX9pZrjVpHAU
682,Made You Look,neutral,Meghan Trainor,91,https://open.spotify.com/track/0QHEIqNKsMoOY5urbzN48u
683,Cupid - Twin Ver.,neutral,FIFTY FIFTY,92,https://open.spotify.com/track/7FbrGaHYVDmfr7KoLIZnQ7
684,If We Ever Broke Up,neutral,Mae Stephens,88,https://open.spotify.com/track/6maTPqynTmrkWIralgGaoP
685,VOID,neutral,Melanie Martinez,81,https://open.spotify.com/track/6KqOVYU3af2wsqxh1iO1lx
686,Bones,neutral,Imagine Dragons,88,https://open.spotify.com/track/0HqZX76SFLDz2aW8aiqi7G
687,FLOWER,neutral,JISOO,87,https://open.spotify.com/track/69CrOS7vEHIrhC2ILyEi0s
688,Eat Your Young,neutral,Hozier,82,https://open.spotify.com/track/2Jw3VjB1xy5KHBqEeAC6VK
689,Moonlight,neutral,Kali Uchis,85,https://open.spotify.com/track/2i2gDpKKWjvnRTOZRhaPh2
690,Late Night Talking,neutral,Harry Styles,90,https://open.spotify.com/track/1qEmFfgcLObUfQm0j1W2CK
691,TQG,neutral,"KAROL G,Shakira",98,https://open.spotify.com/track/0DWdj2oZMBFSzRsi2Cvfzf
692,Bad Habit,neutral,Steve Lacy,87,https://open.spotify.com/track/5CM4UuQ9Gnd6K2YyKGPMoK
693,Lavender Haze,neutral,Taylor Swift,89,https://open.spotify.com/track/5jQI2r1RdgtuT8S3iG8zFC
694,Last Night,neutral,Morgan Wallen,90,https://open.spotify.com/track/59uQI0PADDKeE6UZDTJEe8
695,Nonsense,neutral,Sabrina Carpenter,90,https://open.spotify.com/track/6dgUya35uo964z7GZXM07g
696,Like Crazy (English Version),neutral,Jimin,92,https://open.spotify.com/track/0u8rZGtXJrLtiSe34FPjGG
697,I Like You (A Happier Song) (with Doja Cat),neutral,"Post Malone,Doja Cat",88,https://open.spotify.com/track/0O6u0VJ46W86TxN9wgyqDj
698,Something in the Orange,neutral,Zach Bryan,89,https://open.spotify.com/track/3WMj8moIAXJhHsyLaqIIHI
699,Heaven,neutral,Niall Horan,88,https://open.spotify.com/track/1yHVHoz6Ny29gbbWJYVnFt
